Workbook
Name t: #REF!
Name tr: #REF!
Name Transport: #REF!
Name tt: #REF!

Sheet CaseDesc
D1: DON’T WRITE ANYTHING IN THESE COLUMNS
B2: Case# | C2: Description
B3: 1 | C3: ="TOTCO2 reduction multiplier "&TEXT(CO2Price!C6,"0.00")&"" -> TOTCO2 reduction multiplier 1.00
B4: 2 | C4: ="TOTCO2 reduction multiplier "&TEXT(CO2Price!C6,"0.00")&"" -> TOTCO2 reduction multiplier 1.00
B5: =B4+1 -> 3 | C5: ="TOTCO2 reduction multiplier "&TEXT(CO2Price!C7,"0.00")&"" -> TOTCO2 reduction multiplier 2.00
B6: =B5+1 -> 4 | C6: ="TOTCO2 reduction multiplier "&TEXT(CO2Price!C8,"0.00")&"" -> TOTCO2 reduction multiplier 3.00
B7: =B6+1 -> 5 | C7: ="TOTCO2 reduction multiplier "&TEXT(CO2Price!C9,"0.00")&"" -> TOTCO2 reduction multiplier 4.00
B8: =B7+1 -> 6 | C8: ="TOTCO2 reduction multiplier "&TEXT(CO2Price!C10,"0.00")&"" -> TOTCO2 reduction multiplier 5.00
B9: =B8+1 -> 7
B10: =B9+1 -> 8
B11: =B10+1 -> 9
B12: =B11+1 -> 10
B13: =B12+1 -> 11
B14: =B13+1 -> 12
B15: =B14+1 -> 13
B16: =B15+1 -> 14
B17: =B16+1 -> 15
B18: =B17+1 -> 16
B19: =B18+1 -> 17
B20: =B19+1 -> 18

Sheet CO2Price
A1: ~InputCell: 6
A2: 6
B5: Case | C5: CO2Price | F5: ~TFM_INS
B6: 1 | C6: 1 | F6: TimeSlice | G6: LimType | H6: Attribute | I6: Cset_Set | J6: CSET_CN | K6: Cset_CD | L6: Year | M6: AllRegions | O6: 6 | P6: 5 | Q6: 4 | R6: 3 | S6: 2 | T6: 1 | U6: 0 | W6: Kea | X6: Tui
B7: 2 | C7: 2 | H7: COM_BNDNET | J7: TOTCO2 | L7: 2020 | M7: =INDEX(O7:T7,MATCH($A$2,$O$6:$T$6,0)) -> 0.2 | O7: =P$6*$S7 -> 0.2 | P7: =Q$6*$S7 -> 0.16 | Q7: =R$6*$S7 -> 0.12 | R7: =S$6*$S7 -> 0.08 | S7: =X7 -> 0.04 | T7: =U$6*$W7 -> 0 | W7: 0.04 | X7: 0.04
B8: 3 | C8: 3 | H8: COM_BNDNET | J8: TOTCO2 | L8: 2025 | M8: =INDEX(O8:T8,MATCH($A$2,$O$6:$T$6,0)) -> 0.225 | O8: =P$6*$S8 -> 0.225 | P8: =Q$6*$S8 -> 0.18 | Q8: =R$6*$S8 -> 0.135 | R8: =S$6*$S8 -> 0.09 | S8: =X8 -> 0.045 | T8: =U$6*$W8 -> 0 | W8: 0.06 | X8: 0.045
B9: 4 | C9: 4 | H9: COM_BNDNET | J9: TOTCO2 | L9: 2030 | M9: =INDEX(O9:T9,MATCH($A$2,$O$6:$T$6,0)) -> 0.25 | O9: =P$6*$S9 -> 0.25 | P9: =Q$6*$S9 -> 0.2 | Q9: =R$6*$S9 -> 0.15 | R9: =S$6*$S9 -> 0.1 | S9: =X9 -> 0.05 | T9: =U$6*$W9 -> 0 | W9: 0.105 | X9: 0.05
B10: 5 | C10: 5 | H10: COM_BNDNET | J10: TOTCO2 | L10: 2035 | M10: =INDEX(O10:T10,MATCH($A$2,$O$6:$T$6,0)) -> 0.3 | O10: =P$6*$S10 -> 0.3 | P10: =Q$6*$S10 -> 0.24 | Q10: =R$6*$S10 -> 0.18 | R10: =S$6*$S10 -> 0.12 | S10: =X10 -> 0.06 | T10: =U$6*$W10 -> 0 | W10: 0.12 | X10: 0.06
B11: 6 | C11: 6 | H11: COM_BNDNET | J11: TOTCO2 | L11: 2040 | M11: =INDEX(O11:T11,MATCH($A$2,$O$6:$T$6,0)) -> 0.35 | O11: =P$6*$S11 -> 0.35 | P11: =Q$6*$S11 -> 0.28 | Q11: =R$6*$S11 -> 0.21 | R11: =S$6*$S11 -> 0.14 | S11: =X11 -> 0.07 | T11: =U$6*$W11 -> 0 | W11: 0.14 | X11: 0.07
H12: COM_BNDNET | J12: TOTCO2 | L12: 2045 | M12: =INDEX(O12:T12,MATCH($A$2,$O$6:$T$6,0)) -> 0.4 | O12: =P$6*$S12 -> 0.4 | P12: =Q$6*$S12 -> 0.32 | Q12: =R$6*$S12 -> 0.24 | R12: =S$6*$S12 -> 0.16 | S12: =X12 -> 0.08 | T12: =U$6*$W12 -> 0 | W12: 0.155 | X12: 0.08
H13: COM_BNDNET | J13: TOTCO2 | L13: 2050 | M13: =INDEX(O13:T13,MATCH($A$2,$O$6:$T$6,0)) -> 0.475 | O13: =P$6*$S13 -> 0.475 | P13: =Q$6*$S13 -> 0.38 | Q13: =R$6*$S13 -> 0.285 | R13: =S$6*$S13 -> 0.19 | S13: =X13 -> 0.095 | T13: =U$6*$W13 -> 0 | W13: 0.17 | X13: 0.095
H14: COM_BNDNET | J14: TOTCO2 | L14: 2055 | M14: =INDEX(O14:T14,MATCH($A$2,$O$6:$T$6,0)) -> 0.575 | O14: =P$6*$S14 -> 0.575 | P14: =Q$6*$S14 -> 0.46 | Q14: =R$6*$S14 -> 0.345 | R14: =S$6*$S14 -> 0.23 | S14: =X14 -> 0.115 | T14: =U$6*$W14 -> 0 | W14: 0.185 | X14: 0.115
H15: COM_BNDNET | J15: TOTCO2 | L15: 2060 | M15: =INDEX(O15:T15,MATCH($A$2,$O$6:$T$6,0)) -> 0.65 | O15: =P$6*$S15 -> 0.65 | P15: =Q$6*$S15 -> 0.52 | Q15: =R$6*$S15 -> 0.39 | R15: =S$6*$S15 -> 0.26 | S15: =X15 -> 0.13 | T15: =U$6*$W15 -> 0 | W15: 0.205 | X15: 0.13
H16: COM_BNDNET | J16: TOTCO2 | L16: 0 | M16: 0 | O16: 0 | P16: 0 | Q16: 0 | R16: 0 | S16: 0 | T16: 0 | W16: 0 | X16: 0
