Workbook

Sheet Contents
A1: The New Zealand 2023 Vehicle Fleet : Data Spreadsheet | D1: Analysis produced by Ministry of Transport
A2: October/November 2024 | D2: info@transport.govt.nz
A4: Overview | C4: Vehicles entering and leaving the fleet
A5: Tab 1.1 Composition of the NZ Fleet | C5: Entering and leaving
A6: Tab 1.2 Composition of the NZ fleet relative to Jan 2000 | C6: Tab 5.1 Entry and exit from the fleet
A7: Tab 1.1 extra Fleet Average Age | C7: Tab 5.2abcd Vehicles entering/leaving the fleet by Year of Manufacture
A8: Tab 1.3 Total collective distance travelled
A9: Tab 1.4 Light fleet travel by year | C9: Entering
A10: Tab 1.4b Regional vehicle travel | C10: Tab 6.1 Number of New/used imports entering the light fleet by year
A11: Tab 1.5 Light fleet ownership per capita by year | C11: Tab 6.2b Used light imports : Year of manufacture and fuel
A12: Tab 1.5b Regional light fleet ownership per capita | C12: Tab 6.2c Average age of used imports entering the truck and bus fleets by year
A13: Tab 1.6 Light fleet travel per capita by year | C13: Tab 6.3 Average engine size of vehicles entering the light fleet, by petrol/diesel and year
A14: Tab 1.7 Light fleet average vehicle travel by year | C14: Tab 6.4a Numbers of used imports entering the light fleet, by engize size band and year
C15: Tab 6.4b Numbers of New entering the light fleet, by engize size band and year
A16: Composition of the Fleet | C16: Tab 6.5a Numbers of motorcycles entering the fleet, by engize size band and year
A17: Tab 2.1 Number of new/used light vehicles by year | C17: Tab 6.5b Average engine capacity of motorcycles entering the fleet, by year
A18: Tab 2.2 Percentage of used imports in the light/truck/bus fleets, by year | C18: Tab 6.7a Vehicles entering the fleet: country of manufacture
A19: Tab 2.3 Average age of Light, Trucks and Buses by year | C19: Tab 6.7b Vehicles entering the fleet: country imported from
A20: Tab 2.4 Light fleet average age in detail, by year
A21: Tab 2.5a Light fleet year of manufacture | C21: Leaving
A22: Tab 2.6a Motorcycle year of manufacture | C22: Tab 7.1a Number of light fleet used imports/New scrapped, by year
A23: Tab 2.7a Truck year of manufacture | C23: Tab 7.1b Number of heavy fleet used imports/New scrapped, by year
A24: Tab 2.8a Bus year of manufacture | C24: Tab 7.2a Average age of light fleet used imports/New when scrapped, by year
A25: Tab 2.9 Heavy vehicle mass | C25: Tab 7.2b Average age of heavy fleet used imports/New when scrapped, by year
A26: Tab 2.10 Light fleet age distribution | C26: Tab 7.3a,b,c Last odometer reading of scrapped vehicles
C27: Tab 7.3d,e Last odometer reading of scrapped vehicles
A28: Vehicle age and travel
A29: Tab 3.1 Total LPV, LCV, Truck and Bus travel by year of manufacture in 5 year blocks | C29: Petrol/Diesel vehicles and travel, CNG/LPG/electric/Hybrid
A30: Tab 3.2 Light, truck, bus travel by new/used, by year of manufacture in 5 year blocks | C30: Tab 8.1 Diesel vehicles in the light, truck and bus fleets
A31: Tab 3.4 LPV, LCV, Truck and Bus travel per vehicle by year of manufacture in 5 year blocks | C31: Tab 8.2 Petrol and diesel travel
A32: Tab 3.5 Average light travel by year of manufacture | C32: Tab 8.2a Percentage of light passenger/commercial vehicles by petrol/diesel
A33: Tab 3.6 Light fleet travel by engine size | C33: Tab 8.2b Percentage of light passenger/commercial travel by petrol/diesel
C34: Tab 8.3 Light fleet petrol and diesel travel by year of manufacture in 5 year blocks
A35: Engine capacity trends | C35: Tab 8.4 Light vehicle fleet by fuel type
A36: Tab 4.1 Light fleet average engine capacity by petrol/diesel by year | C36: Tab 8.5 Primary fuel types by vehicle type
A37: Tab 4.2 Number of light vehicles by engine capacity by year
A38: Tab 4.3a Light passenger average travel by cc band, by year of manufacture
A39: Tab 4.3b Light commercial average travel by cc band, by year of manufacture | C39: Emissions of vehicles entering the light fleet
A40: Tab 4.4 Motorcycle fleet engine composition by year | C40: Tab 9.1 Average quarterly CO2 emissions of light fleet registrations
C41: Tab 9.2 Emissions standards of vehicles in the light fleet
C44: The average light vehicle in use
C45: Tab 10.1 Travel weighted vehicle age by year
C46: Tab 10.2 Travel weighted engine size by year
C48: Road freight
C49: Tab 11.1 Truck and trailer travel
C50: Tab 11.2 Truck+trailer tonne-km

Sheet 1.1, 1.2
B1: Fleet Composition | K1: Change Relative to 2000 | T1: Back to Contents
A2: Period | B2: Light passenger | C2: Light commercial | D2: MCycle | E2: Trucks | F2: Bus | G2: Other | H2: Total | I2: Total light | K2: =B2 -> Light passenger | L2: =C2 -> Light commercial | M2: =D2 -> MCycle | N2: =E2 -> Trucks | O2: =F2 -> Bus | P2: =G2 -> Other | Q2: =H2 -> Total | R2: =I2 -> Total light
A3: 2000 | B3: 2147516 | C3: 347339 | D3: 78641 | E3: 95622 | F3: 4412 | G3: 12288 | H3: =SUM(B3:G3) -> 2685818 | I3: =B3+C3 -> 2494855 | K3: - | L3: - | M3: - | N3: - | O3: - | P3: - | Q3: - | R3: -
A4: 2001 | B4: 2213672 | C4: 349979 | D4: 79230 | E4: 97867 | F4: 4698 | G4: 12488 | H4: =SUM(B4:G4) -> 2757934 | I4: =B4+C4 -> 2563651 | K4: =B4/B$3-1 -> 0.030805824 | L4: =C4/C$3-1 -> 0.0076006438 | M4: =D4/D$3-1 -> 0.0074897318 | N4: =E4/E$3-1 -> 0.023477861 | O4: =F4/F$3-1 -> 0.064823209 | P4: =G4/G$3-1 -> 0.016276042 | Q4: =H4/H$3-1 -> 0.026850665 | R4: =H4/H$3-1 -> 0.026850665
A5: 2002 | B5: 2292383 | C5: 355629 | D5: 80760 | E5: 101701 | F5: 5084 | G5: 13103 | H5: =SUM(B5:G5) -> 2848660 | I5: =B5+C5 -> 2648012 | K5: =B5/B$3-1 -> 0.067457937 | L5: =C5/C$3-1 -> 0.023867173 | M5: =D5/D$3-1 -> 0.026945232 | N5: =E5/E$3-1 -> 0.063573236 | O5: =F5/F$3-1 -> 0.15231188 | P5: =G5/G$3-1 -> 0.06632487 | Q5: =H5/H$3-1 -> 0.060630318 | R5: =H5/H$3-1 -> 0.060630318
A6: 2003 | B6: 2395130 | C6: 364350 | D6: 83623 | E6: 106870 | F6: 5451 | G6: 13747 | H6: =SUM(B6:G6) -> 2969171 | I6: =B6+C6 -> 2759480 | K6: =B6/B$3-1 -> 0.11530252 | L6: =C6/C$3-1 -> 0.048975209 | M6: =D6/D$3-1 -> 0.063351178 | N6: =E6/E$3-1 -> 0.11762983 | O6: =F6/F$3-1 -> 0.23549411 | P6: =G6/G$3-1 -> 0.11873372 | Q6: =H6/H$3-1 -> 0.1054997 | R6: =H6/H$3-1 -> 0.1054997
A7: 2004 | B7: 2490911 | C7: 376168 | D7: 88466 | E7: 113751 | F7: 5876 | G7: 14400 | H7: =SUM(B7:G7) -> 3089572 | I7: =B7+C7 -> 2867079 | K7: =B7/B$3-1 -> 0.15990335 | L7: =C7/C$3-1 -> 0.082999606 | M7: =D7/D$3-1 -> 0.12493483 | N7: =E7/E$3-1 -> 0.18959026 | O7: =F7/F$3-1 -> 0.3318223 | P7: =G7/G$3-1 -> 0.171875 | Q7: =H7/H$3-1 -> 0.15032813 | R7: =H7/H$3-1 -> 0.15032813
A8: 2005 | B8: 2578516 | C8: 388686 | D8: 97398 | E8: 119819 | F8: 6205 | G8: 15015 | H8: =SUM(B8:G8) -> 3205639 | I8: =B8+C8 -> 2967202 | K8: =B8/B$3-1 -> 0.20069699 | L8: =C8/C$3-1 -> 0.11903932 | M8: =D8/D$3-1 -> 0.23851426 | N8: =E8/E$3-1 -> 0.25304846 | O8: =F8/F$3-1 -> 0.40639166 | P8: =G8/G$3-1 -> 0.22192383 | Q8: =H8/H$3-1 -> 0.1935429 | R8: =H8/H$3-1 -> 0.1935429
A9: 2006 | B9: 2631661 | C9: 398206 | D9: 108056 | E9: 124349 | F9: 6449 | G9: 15319 | H9: =SUM(B9:G9) -> 3284040 | I9: =B9+C9 -> 3029867 | K9: =B9/B$3-1 -> 0.22544419 | L9: =C9/C$3-1 -> 0.14644771 | M9: =D9/D$3-1 -> 0.37404153 | N9: =E9/E$3-1 -> 0.3004225 | O9: =F9/F$3-1 -> 0.46169538 | P9: =G9/G$3-1 -> 0.24666341 | Q9: =H9/H$3-1 -> 0.22273363 | R9: =H9/H$3-1 -> 0.22273363
A10: 2007 | B10: 2679348 | C10: 409538 | D10: 119784 | E10: 128816 | F10: 6881 | G10: 15546 | H10: =SUM(B10:G10) -> 3359913 | I10: =B10+C10 -> 3088886 | K10: =B10/B$3-1 -> 0.24764984 | L10: =C10/C$3-1 -> 0.17907289 | M10: =D10/D$3-1 -> 0.52317493 | N10: =E10/E$3-1 -> 0.34713769 | O10: =F10/F$3-1 -> 0.55961015 | P10: =G10/G$3-1 -> 0.26513672 | Q10: =H10/H$3-1 -> 0.25098313 | R10: =H10/H$3-1 -> 0.25098313
A11: 2008 | B11: 2692948 | C11: 416004 | D11: 133685 | E11: 131259 | F11: 7329 | G11: 15865 | H11: =SUM(B11:G11) -> 3397090 | I11: =B11+C11 -> 3108952 | K11: =B11/B$3-1 -> 0.25398274 | L11: =C11/C$3-1 -> 0.19768871 | M11: =D11/D$3-1 -> 0.69994023 | N11: =E11/E$3-1 -> 0.3726862 | O11: =F11/F$3-1 -> 0.66115141 | P11: =G11/G$3-1 -> 0.29109701 | Q11: =H11/H$3-1 -> 0.26482509 | R11: =H11/H$3-1 -> 0.26482509
A12: 2009 | B12: 2684863 | C12: 415398 | D12: 138534 | E12: 130405 | F12: 7697 | G12: 15812 | H12: =SUM(B12:G12) -> 3392709 | I12: =B12+C12 -> 3100261 | K12: =B12/B$3-1 -> 0.25021793 | L12: =C12/C$3-1 -> 0.19594402 | M12: =D12/D$3-1 -> 0.76160018 | N12: =E12/E$3-1 -> 0.3637552 | O12: =F12/F$3-1 -> 0.74456029 | P12: =G12/G$3-1 -> 0.28678385 | Q12: =H12/H$3-1 -> 0.26319393 | R12: =H12/H$3-1 -> 0.26319393
A13: 2010 | B13: 2705457 | C13: 417462 | D13: 140372 | E13: 129044 | F13: 7832 | G13: 15547 | H13: =SUM(B13:G13) -> 3415714 | I13: =B13+C13 -> 3122919 | K13: =B13/B$3-1 -> 0.25980761 | L13: =C13/C$3-1 -> 0.20188634 | M13: =D13/D$3-1 -> 0.78497222 | N13: =E13/E$3-1 -> 0.34952208 | O13: =F13/F$3-1 -> 0.77515866 | P13: =G13/G$3-1 -> 0.2652181 | Q13: =H13/H$3-1 -> 0.27175929 | R13: =H13/H$3-1 -> 0.27175929
A14: 2011 | B14: 2698491 | C14: 419672 | D14: 140984 | E14: 127823 | F14: 7939 | G14: 15776 | H14: =SUM(B14:G14) -> 3410685 | I14: =B14+C14 -> 3118163 | K14: =B14/B$3-1 -> 0.25656386 | L14: =C14/C$3-1 -> 0.208249 | M14: =D14/D$3-1 -> 0.79275442 | N14: =E14/E$3-1 -> 0.33675305 | O14: =F14/F$3-1 -> 0.7994107 | P14: =G14/G$3-1 -> 0.28385417 | Q14: =H14/H$3-1 -> 0.26988687 | R14: =H14/H$3-1 -> 0.26988687
A15: 2012 | B15: 2736658 | C15: 429688 | D15: 143732 | E15: 127837 | F15: 8063 | G15: 16107 | H15: =SUM(B15:G15) -> 3462085 | I15: =B15+C15 -> 3166346 | K15: =B15/B$3-1 -> 0.27433649 | L15: =C15/C$3-1 -> 0.23708538 | M15: =D15/D$3-1 -> 0.82769802 | N15: =E15/E$3-1 -> 0.33689946 | O15: =F15/F$3-1 -> 0.82751587 | P15: =G15/G$3-1 -> 0.31079102 | Q15: =H15/H$3-1 -> 0.28902442 | R15: =H15/H$3-1 -> 0.28902442
... A26: 2023 | B26: 3509955 | C26: 755025 | D26: 203183 | E26: 170868 | F26: 11519 | G26: 39122 | H26: =SUM(B26:G26) -> 4689672 | I26: =B26+C26 -> 4264980 | K26: =B26/B$3-1 -> 0.63442554 | L26: =C26/C$3-1 -> 1.1737409 | M26: =D26/D$3-1 -> 1.5836777 | N26: =E26/E$3-1 -> 0.78691096 | O26: =F26/F$3-1 -> 1.6108341 | P26: =G26/G$3-1 -> 2.1837565 | Q26: =H26/H$3-1 -> 0.74608704 | R26: =H26/H$3-1 -> 0.74608704

Sheet 1.1extra
B1: Fleet Average Age | M1: Fleet Average Age (By Fuel) | R1: Number of vehicles | W1: Back to Contents
A2: Period | B2: Light Passenger | C2: Light Commercial | D2: Light New | E2: Light Used Imports | F2: Total Light Vehicles | G2: MCycle | H2: Heavy Commercial | I2: Bus | J2: Other | K2: Overall | M2: Light new petrol | N2: light used petrol | O2: Light new diesel | P2: Light used diesel | R2: New petrol | S2: Used petrol | T2: New diesel | U2: Used diesel
A3: 2000 | B3: 11.725915 | C3: 12.436974 | D3: 12.005417 | E3: 11.546687 | F3: 11.82491 | G3: 16.194421 | H3: 14.321275 | I3: 16.177697 | J3: 17.345785 | K3: 11.954116 | M3: 12.4 | N3: 11.7 | O3: 7 | P3: 10.8 | R3: 1408018 | S3: 793410 | T3: 105129 | U3: 188298
A4: 2001 | B4: 11.876418 | C4: 12.622339 | D4: 12.076298 | E4: 11.840708 | F4: 11.978248 | G4: 16.593658 | H4: 14.61203 | I4: 16.300128 | J4: 17.294443 | K4: 12.111692 | M4: 12.5 | N4: 11.9 | O4: 7 | P4: 11.5 | R4: 1380351 | S4: 869784 | T4: 116337 | U4: 197179
A5: 2002 | B5: 11.970411 | C5: 12.705373 | D5: 12.079227 | E5: 12.056082 | F5: 12.069117 | G5: 16.818567 | H5: 14.727603 | I5: 16.313533 | J5: 16.963329 | K5: 12.203679 | M5: 12.6 | N5: 12.1 | O5: 7 | P5: 12 | R5: 1363113 | S5: 946207 | T5: 128201 | U5: 210491
A6: 2003 | B6: 12.02384 | C6: 12.716392 | D6: 12.025735 | E6: 12.221579 | F6: 12.115282 | G6: 16.819015 | H6: 14.768279 | I6: 16.243166 | J6: 16.598058 | K6: 12.248121 | M6: 12.5 | N6: 12.2 | O6: 7.1 | P6: 12.3 | R6: 1357037 | S6: 1031579 | T6: 140711 | U6: 230153
A7: 2004 | B7: 12.106601 | C7: 12.667115 | D7: 11.927096 | E7: 12.462061 | F7: 12.180142 | G7: 16.468655 | H7: 14.751013 | I7: 16.095984 | J7: 16.287014 | K7: 12.306719 | M7: 12.5 | N7: 12.4 | O7: 7.1 | P7: 12.7 | R7: 1355829 | S7: 1109629 | T7: 155084 | U7: 246537
A8: 2005 | B8: 12.225264 | C8: 12.598181 | D8: 11.81606 | E8: 12.761644 | F8: 12.274114 | G8: 15.682442 | H8: 14.753791 | I8: 16.178888 | J8: 15.884549 | K8: 12.388731 | M8: 12.4 | N8: 12.7 | O8: 7.1 | P8: 13.2 | R8: 1357015 | S8: 1178584 | T8: 172835 | U8: 258768
A9: 2006 | B9: 12.41462 | C9: 12.612246 | D9: 11.750668 | E9: 13.16255 | F9: 12.440594 | G9: 15.011101 | H9: 14.941841 | I9: 16.549 | J9: 15.909622 | K9: 12.546459 | M9: 12.4 | N9: 13 | O9: 7.1 | P9: 13.8 | R9: 1357891 | S9: 1220622 | T9: 191411 | U9: 259943
A10: 2007 | B10: 12.604469 | C10: 12.585953 | D10: 11.692788 | E10: 13.545775 | F10: 12.602014 | G10: 14.357093 | H10: 15.115203 | I10: 16.596062 | J10: 15.949698 | K10: 12.697148 | M10: 12.4 | N10: 13.4 | O10: 7.1 | P10: 14.4 | R10: 1359785 | S10: 1258427 | T10: 213442 | U10: 257232
A11: 2008 | B11: 12.856607 | C11: 12.650997 | D11: 11.70133 | E11: 14.015423 | F11: 12.829095 | G11: 13.74836 | H11: 15.328705 | I11: 16.498363 | J11: 15.83451 | K11: 12.909875 | M11: 12.5 | N11: 13.8 | O11: 7.1 | P11: 15.1 | R11: 1358019 | S11: 1269191 | T11: 235796 | U11: 245946
A12: 2009 | B12: 13.246121 | C12: 12.980888 | D12: 11.948539 | E12: 14.555685 | F12: 13.210583 | G12: 14.028166 | H12: 15.811944 | I12: 16.299402 | J12: 15.970339 | K12: 13.290655 | M12: 12.8 | N12: 14.3 | O12: 7.4 | P12: 15.8 | R12: 1347813 | S12: 1267587 | T12: 251701 | U12: 233160
A13: 2010 | B13: 13.545504 | C13: 13.198103 | D13: 12.114408 | E13: 14.986964 | F13: 13.499064 | G13: 14.471711 | H13: 16.277948 | I13: 16.51213 | J13: 16.321831 | K13: 13.585109 | M13: 13 | N13: 14.7 | O13: 7.6 | P13: 16.6 | R13: 1346895 | S13: 1285930 | T13: 270686 | U13: 219408
A14: 2011 | B14: 13.826252 | C14: 13.328117 | D14: 12.236375 | E14: 15.433096 | F14: 13.759208 | G14: 14.992474 | H14: 16.665573 | I14: 16.536906 | J14: 16.474772 | K14: 13.85268 | M14: 13.2 | N14: 15.1 | O14: 7.7 | P14: 17.4 | R14: 1341315 | S14: 1282191 | T14: 291438 | U14: 203219
... A26: 2023 | B26: 14.982094 | C26: 12.777961 | D26: 12.088563 | E26: 18.079849 | F26: 14.591899 | G26: 18.629553 | H26: 17.827984 | I26: 16.80428 | J26: 15.987935 | K26: 14.754208 | M26: 13.4 | N26: 17.7 | O26: 9.2 | P26: 21.9 | R26: 1720821 | S26: 1637646 | T26: 762125 | U26: 144388

Sheet 1.3
B1: Total collective distance travelled | J1: Back to Contents
B2: Light passenger New | C2: Light passenger used import | D2: Light commercial New | E2: Light commercial used import | F2: Truck | G2: Other | H2: Total
A3: Distance (million km) | B3: 18914.672 | C3: 16068.593 | D3: 9285.5258 | E3: 1216.4355 | F3: 3236.842 | G3: 697.25676 | H3: =SUM(B3:G3) -> 49419.326
A4: Proportion | B4: =B3/$H3 -> 0.38273837 | C4: =C3/$H3 -> 0.32514797 | D4: =D3/$H3 -> 0.1878926 | E4: =E3/$H3 -> 0.024614571 | F4: =F3/$H3 -> 0.065497494 | G4: =G3/$H3 -> 0.01410899 | H4: -

Sheet 1.4 to 1.7
B1: Travel and ownership trends | N1: Travel breakdown by vehicle type | U1: Back to Contents
A2: Period | B2: Light vehicles live at Dec 31st (*) | C2: Light travel | D2: Other travel | E2: Popn (**) | F2: Light vehicles per 1000 | G2: Light passenger vehicles per 1000 | H2: Light commercial vehicles per 1000 | I2: Light travel per capita | J2: Light travel per vehicle | K2: Population growth | L2: Light fleet growth | N2: Light passenger travel | O2: Light commercial travel | P2: Heavy truck travel | Q2: Heavy bus travel | R2: Motorcycle / moped travel | S2: Other | T2: Total (billion) | U2: Travel per capita (km/head) | V2: Light passenger travel per capita | W2: Light commercial travel per capita
A3: 2000 | B3: ='1.1, 1.2'!I3 -> 2494855 | E3: 3857.7 | F3: =B3/E3 -> 646.72084 | G3: ='1.1, 1.2'!B3/E3 -> 556.683 | H3: ='1.1, 1.2'!C3/E3 -> 90.037846
A4: 2001 | B4: ='1.1, 1.2'!I4 -> 2563651 | C4: 33.979814 | D4: 2.5904145 | E4: 3880.5 | F4: =B4/E4 -> 660.64966 | G4: ='1.1, 1.2'!B4/E4 -> 570.46051 | H4: ='1.1, 1.2'!C4/E4 -> 90.189151 | I4: =C4*1000000/E4 -> 8756.5557 | J4: =C4/B4*1000000000 -> 13254.462 | N4: 28.798268 | O4: 5.1815464 | P4: 2.1892506 | Q4: 0.14085492 | R4: 0.2315034 | S4: 0.028805609 | T4: =SUM(N4:S4) -> 36.570229 | U4: =T4/E4*1000000 -> 9424.1023 | V4: =N4/E4*1000000 -> 7421.2776 | W4: =O4/E4*1000000 -> 1335.278
A5: 2002 | B5: ='1.1, 1.2'!I5 -> 2648012 | C5: 35.073463 | D5: 2.697897 | E5: 3948.5 | F5: =B5/E5 -> 670.63746 | G5: ='1.1, 1.2'!B5/E5 -> 580.5706 | H5: ='1.1, 1.2'!C5/E5 -> 90.066861 | I5: =C5*1000000/E5 -> 8882.7309 | J5: =C5/B5*1000000000 -> 13245.206 | K5: =E5/E4-1 -> 0.017523515 | L5: =B5/B4-1 -> 0.032906585 | N5: 29.794649 | O5: 5.2788141 | P5: 2.2825877 | Q5: 0.14989798 | R5: 0.22940041 | S5: 0.036010957 | T5: =SUM(N5:S5) -> 37.77136 | U5: =T5/E5*1000000 -> 9566.0023 | V5: =N5/E5*1000000 -> 7545.8146 | W5: =O5/E5*1000000 -> 1336.9163
A6: 2003 | B6: ='1.1, 1.2'!I6 -> 2759480 | C6: 36.140777 | D6: 2.7992663 | E6: 4027.2 | F6: =B6/E6 -> 685.21057 | G6: ='1.1, 1.2'!B6/E6 -> 594.73828 | H6: ='1.1, 1.2'!C6/E6 -> 90.472288 | I6: =C6*1000000/E6 -> 8974.1699 | J6: =C6/B6*1000000000 -> 13096.952 | K6: =E6/E5-1 -> 0.01993162 | L6: =B6/B5-1 -> 0.042094975 | N6: 30.74631 | O6: 5.3944671 | P6: 2.3631249 | Q6: 0.15966194 | R6: 0.23192044 | S6: 0.044559044 | T6: =SUM(N6:S6) -> 38.940043 | U6: =T6/E6*1000000 -> 9669.2599 | V6: =N6/E6*1000000 -> 7634.6618 | W6: =O6/E6*1000000 -> 1339.5081
A7: 2004 | B7: ='1.1, 1.2'!I7 -> 2867079 | C7: 37.099953 | D7: 2.9810789 | E7: 4087.5 | F7: =B7/E7 -> 701.42606 | G7: ='1.1, 1.2'!B7/E7 -> 609.39719 | H7: ='1.1, 1.2'!C7/E7 -> 92.028869 | I7: =C7*1000000/E7 -> 9076.4412 | J7: =C7/B7*1000000000 -> 12939.983 | K7: =E7/E6-1 -> 0.014973182 | L7: =B7/B6-1 -> 0.038992491 | N7: 31.540927 | O7: 5.5590266 | P7: 2.5131457 | Q7: 0.17675107 | R7: 0.2377725 | S7: 0.053409689 | T7: =SUM(N7:S7) -> 40.081032 | U7: =T7/E7*1000000 -> 9805.7571 | V7: =N7/E7*1000000 -> 7716.4346 | W7: =O7/E7*1000000 -> 1360.0065
A8: 2005 | B8: ='1.1, 1.2'!I8 -> 2967202 | C8: 37.383994 | D8: 3.1114199 | E8: 4133.9 | F8: =B8/E8 -> 717.77305 | G8: ='1.1, 1.2'!B8/E8 -> 623.749 | H8: ='1.1, 1.2'!C8/E8 -> 94.024045 | I8: =C8*1000000/E8 -> 9043.2749 | J8: =C8/B8*1000000000 -> 12599.073 | K8: =E8/E7-1 -> 0.011351682 | L8: =B8/B7-1 -> 0.034921605 | N8: 31.722382 | O8: 5.661612 | P8: 2.5821994 | Q8: 0.1899749 | R8: 0.26674246 | S8: 0.072503173 | T8: =SUM(N8:S8) -> 40.495414 | U8: =T8/E8*1000000 -> 9795.9346 | V8: =N8/E8*1000000 -> 7673.7178 | W8: =O8/E8*1000000 -> 1369.5571
A9: 2006 | B9: ='1.1, 1.2'!I9 -> 3029867 | C9: 37.287193 | D9: 3.2237591 | E9: 4184.6 | F9: =B9/E9 -> 724.05176 | G9: ='1.1, 1.2'!B9/E9 -> 628.89189 | H9: ='1.1, 1.2'!C9/E9 -> 95.159872 | I9: =C9*1000000/E9 -> 8910.5752 | J9: =C9/B9*1000000000 -> 12306.544 | K9: =E9/E8-1 -> 0.012264448 | L9: =B9/B8-1 -> 0.021119223 | N9: 31.531465 | O9: 5.7557282 | P9: 2.6151123 | Q9: 0.19792259 | R9: 0.30311013 | S9: 0.10761409 | T9: =SUM(N9:S9) -> 40.510952 | U9: =T9/E9*1000000 -> 9680.9616 | V9: =N9/E9*1000000 -> 7535.1204 | W9: =O9/E9*1000000 -> 1375.4548
A10: 2007 | B10: ='1.1, 1.2'!I10 -> 3088886 | C10: 37.82497 | D10: 3.2966702 | E10: 4223.8 | F10: =B10/E10 -> 731.30499 | G10: ='1.1, 1.2'!B10/E10 -> 634.34538 | H10: ='1.1, 1.2'!C10/E10 -> 96.95961 | I10: =C10*1000000/E10 -> 8955.1992 | J10: =C10/B10*1000000000 -> 12245.505 | K10: =E10/E9-1 -> 0.0093676815 | L10: =B10/B9-1 -> 0.019479073 | N10: 31.891749 | O10: 5.9332213 | P10: 2.6866017 | Q10: 0.20528989 | R10: 0.33647023 | S10: 0.068308406 | T10: =SUM(N10:S10) -> 41.12164 | U10: =T10/E10*1000000 -> 9735.6978 | V10: =N10/E10*1000000 -> 7550.4874 | W10: =O10/E10*1000000 -> 1404.7117
A11: 2008 | B11: ='1.1, 1.2'!I11 -> 3108952 | C11: 37.220178 | D11: 3.3342536 | E11: 4259.8 | F11: =B11/E11 -> 729.8352 | G11: ='1.1, 1.2'!B11/E11 -> 632.1771 | H11: ='1.1, 1.2'!C11/E11 -> 97.658106 | I11: =C11*1000000/E11 -> 8737.5412 | J11: =C11/B11*1000000000 -> 11971.937 | K11: =E11/E10-1 -> 0.0085231308 | L11: =B11/B10-1 -> 0.0064961931 | N11: 31.197506 | O11: 6.0226721 | P11: 2.6767069 | Q11: 0.21099012 | R11: 0.37588017 | S11: 0.070676351 | T11: =SUM(N11:S11) -> 40.554431 | U11: =T11/E11*1000000 -> 9520.2665 | V11: =N11/E11*1000000 -> 7323.702 | W11: =O11/E11*1000000 -> 1413.8392
A12: 2009 | B12: ='1.1, 1.2'!I12 -> 3100261 | C12: 37.301741 | D12: 3.2158081 | E12: 4302.6 | F12: =B12/E12 -> 720.55525 | G12: ='1.1, 1.2'!B12/E12 -> 624.00944 | H12: ='1.1, 1.2'!C12/E12 -> 96.54581 | I12: =C12*1000000/E12 -> 8669.5814 | J12: =C12/B12*1000000000 -> 12031.807 | K12: =E12/E11-1 -> 0.01004742 | L12: =B12/B11-1 -> -0.0027954758 | N12: 31.28506 | O12: 6.016681 | P12: 2.5361513 | Q12: 0.21732585 | R12: 0.39091731 | S12: 0.071413674 | T12: =SUM(N12:S12) -> 40.517549 | U12: =T12/E12*1000000 -> 9416.9918 | V12: =N12/E12*1000000 -> 7271.1988 | W12: =O12/E12*1000000 -> 1398.3826
A13: 2010 | B13: ='1.1, 1.2'!I13 -> 3122919 | C13: 37.271603 | D13: 3.2138905 | E13: 4350.7 | F13: =B13/E13 -> 717.79691 | G13: ='1.1, 1.2'!B13/E13 -> 621.84407 | H13: ='1.1, 1.2'!C13/E13 -> 95.952835 | I13: =C13*1000000/E13 -> 8566.8061 | J13: =C13/B13*1000000000 -> 11934.861 | K13: =E13/E12-1 -> 0.011179287 | L13: =B13/B12-1 -> 0.0073084169 | N13: 31.218402 | O13: 6.0532019 | P13: 2.5346732 | Q13: 0.22478286 | R13: 0.38595859 | S13: 0.068475833 | T13: =SUM(N13:S13) -> 40.485494 | U13: =T13/E13*1000000 -> 9305.5126 | V13: =N13/E13*1000000 -> 7175.4894 | W13: =O13/E13*1000000 -> 1391.3168
A14: 2011 | B14: ='1.1, 1.2'!I14 -> 3118163 | C14: 36.814735 | D14: 3.2039272 | E14: 4384 | F14: =B14/E14 -> 711.25981 | G14: ='1.1, 1.2'!B14/E14 -> 615.53171 | H14: ='1.1, 1.2'!C14/E14 -> 95.728102 | I14: =C14*1000000/E14 -> 8397.5218 | J14: =C14/B14*1000000000 -> 11806.546 | K14: =E14/E13-1 -> 0.0076539407 | L14: =B14/B13-1 -> -0.0015229342 | N14: 30.737007 | O14: 6.0777282 | P14: 2.5401427 | Q14: 0.22151166 | R14: 0.37483477 | S14: 0.067438085 | T14: =SUM(N14:S14) -> 40.018663 | U14: =T14/E14*1000000 -> 9128.3446 | V14: =N14/E14*1000000 -> 7011.1787 | W14: =O14/E14*1000000 -> 1386.3431
A15: 2012 | B15: ='1.1, 1.2'!I15 -> 3166346 | C15: 36.888903 | D15: 3.1971231 | E15: 4408.1 | F15: =B15/E15 -> 718.30176 | G15: ='1.1, 1.2'!B15/E15 -> 620.82485 | H15: ='1.1, 1.2'!C15/E15 -> 97.476917 | I15: =C15*1000000/E15 -> 8368.436 | J15: =C15/B15*1000000000 -> 11650.307 | K15: =E15/E14-1 -> 0.0054972628 | L15: =B15/B14-1 -> 0.015452367 | N15: 30.705906 | O15: 6.1829965 | P15: 2.5272596 | Q15: 0.22757513 | R15: 0.37346276 | S15: 0.06882562 | T15: =SUM(N15:S15) -> 40.086026 | U15: =T15/E15*1000000 -> 9093.7197 | V15: =N15/E15*1000000 -> 6965.7917 | W15: =O15/E15*1000000 -> 1402.6443
A16: 2013 | B16: ='1.1, 1.2'!I16 -> 3244068 | C16: 37.436152 | D16: 3.2684472 | E16: 4442.1 | F16: =B16/E16 -> 730.30053 | G16: ='1.1, 1.2'!B16/E16 -> 629.17044 | H16: ='1.1, 1.2'!C16/E16 -> 101.1301 | I16: =C16*1000000/E16 -> 8427.5799 | J16: =C16/B16*1000000000 -> 11539.879 | K16: =E16/E15-1 -> 0.0077130737 | L16: =B16/B15-1 -> 0.024546275 | N16: 30.992188 | O16: 6.4439641 | P16: 2.5819011 | Q16: 0.23420849 | R16: 0.38147638 | S16: 0.070861254 | T16: =SUM(N16:S16) -> 40.7046 | U16: =T16/E16*1000000 -> 9163.3686 | V16: =N16/E16*1000000 -> 6976.9227 | W16: =O16/E16*1000000 -> 1450.6571
... A26: 2023 | B26: ='1.1, 1.2'!I26 -> 4264980 | C26: 45.485227 | D26: 4.0241551 | E26: 5245 | F26: =B26/E26 -> 813.15157 | G26: ='1.1, 1.2'!B26/E26 -> 669.20019 | H26: ='1.1, 1.2'!C26/E26 -> 143.95138 | I26: =C26*1000000/E26 -> 8672.1119 | J26: =C26/B26*1000000000 -> 10664.816 | K26: =E26/E25-1 -> 0.024994626 | L26: =B26/B25-1 -> 0.013630242 | N26: 34.983266 | O26: 10.501961 | P26: 3.236842 | Q26: 0.29290911 | R26: 0.40415677 | S26: 0.090247193 | T26: =SUM(N26:S26) -> 49.509382 | U26: =T26/E26*1000000 -> 9439.3484 | V26: =N26/E26*1000000 -> 6669.8314 | W26: =O26/E26*1000000 -> 2002.2805
A28: (*) Vehicles live in the fleet at Dec 31st, from Tab 1.1
A29: Light travel excludes motorcycles/power cycles/mopeds
A30: (**) Infoshare DPE056AA, June population

Sheet 1.4b
B1: Regional annual VKT in billion | L1: Back to Contents
B2: Northland | C2: Auckland | D2: Gisborne | E2: Hawkes Bay | F2: Taranaki | G2: Manawatu/Wanganui | H2: Wellington | I2: Nelson/Marlborough | J2: Canterbury | K2: Southland | L2: Other or unknown regions | M2: NZ total
A3: 2001 | B3: 1.52 | C3: 11.26 | D3: 0.37 | E3: 1.32 | F3: 0.96 | G3: 2.12 | H3: 3.66 | I3: 1.18 | J3: 4.96 | K3: 1 | L3: 8.22 | M3: 36.57
A4: 2002 | B4: 1.44 | C4: 11.63 | D4: 0.38 | E4: 1.36 | F4: 0.99 | G4: 2.14 | H4: 3.72 | I4: 1.23 | J4: 5.22 | K4: 0.99 | L4: 8.67 | M4: 37.77
A5: 2003 | B5: 1.47 | C5: 12.06 | D5: 0.38 | E5: 1.4 | F5: 1.01 | G5: 2.18 | H5: 3.78 | I5: 1.28 | J5: 5.43 | K5: 1.01 | L5: 8.95 | M5: 38.94
A6: 2004 | B6: 1.53 | C6: 12.35 | D6: 0.39 | E6: 1.44 | F6: 1.03 | G6: 2.23 | H6: 3.86 | I6: 1.34 | J6: 5.6 | K6: 1.02 | L6: 9.28 | M6: 40.08
A7: 2005 | B7: 1.58 | C7: 12.47 | D7: 0.39 | E7: 1.45 | F7: 1.05 | G7: 2.23 | H7: 3.85 | I7: 1.35 | J7: 5.61 | K7: 1.02 | L7: 9.5 | M7: 40.5
A8: 2006 | B8: 1.6 | C8: 12.45 | D8: 0.39 | E8: 1.45 | F8: 1.05 | G8: 2.22 | H8: 3.81 | I8: 1.34 | J8: 5.61 | K8: 1.02 | L8: 9.57 | M8: 40.51
A9: 2007 | B9: 1.62 | C9: 12.55 | D9: 0.4 | E9: 1.48 | F9: 1.08 | G9: 2.26 | H9: 3.85 | I9: 1.39 | J9: 5.74 | K9: 1.04 | L9: 9.72 | M9: 41.12
A10: 2008 | B10: 1.6 | C10: 12.36 | D10: 0.38 | E10: 1.45 | F10: 1.08 | G10: 2.21 | H10: 3.76 | I10: 1.37 | J10: 5.7 | K10: 1.05 | L10: 9.61 | M10: 40.56
A11: 2009 | B11: 1.58 | C11: 12.32 | D11: 0.38 | E11: 1.44 | F11: 1.09 | G11: 2.2 | H11: 3.76 | I11: 1.35 | J11: 5.74 | K11: 1.06 | L11: 9.59 | M11: 40.52
A12: 2010 | B12: 1.57 | C12: 12.36 | D12: 0.38 | E12: 1.43 | F12: 1.09 | G12: 2.18 | H12: 3.77 | I12: 1.34 | J12: 5.72 | K12: 1.06 | L12: 9.6 | M12: 40.49
A13: 2011 | B13: 1.54 | C13: 12.33 | D13: 0.37 | E13: 1.4 | F13: 1.06 | G13: 2.12 | H13: 3.7 | I13: 1.33 | J13: 5.63 | K13: 1.04 | L13: 9.5 | M13: 40.02
A14: 2012 | B14: 1.53 | C14: 12.5 | D14: 0.36 | E14: 1.39 | F14: 1.06 | G14: 2.1 | H14: 3.66 | I14: 1.31 | J14: 5.76 | K14: 1.04 | L14: 9.38 | M14: 40.09
... A25: 2023 | B25: 1.91 | C25: 15.28 | D25: 0.43 | E25: 1.71 | F25: 1.22 | G25: 2.55 | H25: 4.27 | I25: 1.66 | J25: 7.25 | K25: 1.2 | L25: 12.03 | M25: 49.51

Sheet 1.5b
B1: Light fleet regional ownership | L1: Back to Contents
A3: Light vehicles
B4: Unknown | C4: Northland | D4: Auckland | E4: Waikato | F4: Bay of Plenty | G4: Gisborne | H4: Hawkes Bay | I4: Taranaki | J4: Manawatu-Whanganui | K4: Wellington | L4: Nelson/Marlborough | M4: Canterbury | N4: West Coast | O4: Otago | P4: Southland | Q4: Chathams | R4: Total
A5: 2001 | B5: 28670 | C5: 94961 | D5: 762231 | E5: 233070 | F5: 182171 | G5: 25959 | H5: 95771 | I5: 67303 | J5: 148004 | K5: 256603 | L5: 92894 | M5: 374836 | N5: 19118 | O5: 112961 | P5: 68935 | Q5: 164 | R5: 2563651
A6: 2002 | B6: 23384 | C6: 91718 | D6: 792176 | E6: 246817 | F6: 188840 | G6: 26505 | H6: 98392 | I6: 69737 | J6: 151056 | K6: 262958 | L6: 97130 | M6: 390377 | N6: 19932 | O6: 117532 | P6: 71291 | Q6: 167 | R6: 2648012
A7: 2003 | B7: 20384 | C7: 94422 | D7: 838200 | E7: 256257 | F7: 196112 | G7: 27104 | H7: 101922 | I7: 71566 | J7: 154361 | K7: 270763 | L7: 102241 | M7: 409412 | N7: 20644 | O7: 123126 | P7: 72803 | Q7: 163 | R7: 2759480
A8: 2004 | B8: 18443 | C8: 99324 | D8: 870517 | E8: 267820 | F8: 204638 | G8: 28251 | H8: 105262 | I8: 73628 | J8: 158631 | K8: 279287 | L8: 109180 | M8: 426768 | N8: 21680 | O8: 128923 | P8: 74557 | Q8: 170 | R8: 2867079
A9: 2005 | B9: 17088 | C9: 104820 | D9: 901126 | E9: 279388 | F9: 212791 | G9: 29230 | H9: 108935 | I9: 76815 | J9: 162552 | K9: 288481 | L9: 112497 | M9: 440975 | N9: 22458 | O9: 133876 | P9: 76007 | Q9: 163 | R9: 2967202
A10: 2006 | B10: 16027 | C10: 110053 | D10: 914669 | E10: 286100 | F10: 218020 | G10: 30059 | H10: 111324 | I10: 78941 | J10: 166734 | K10: 293668 | L10: 115510 | M10: 451172 | N10: 23372 | O10: 136770 | P10: 77280 | Q10: 168 | R10: 3029867
A11: 2007 | B11: 15139 | C11: 111447 | D11: 934960 | E11: 292261 | F11: 222828 | G11: 30512 | H11: 113247 | I11: 80879 | J11: 168805 | K11: 297016 | L11: 118983 | M11: 460204 | N11: 24007 | O11: 139863 | P11: 78571 | Q11: 164 | R11: 3088886
A12: 2008 | B12: 14466 | C12: 112414 | D12: 937133 | E12: 295255 | F12: 223944 | G12: 30340 | H12: 113546 | I12: 82703 | J12: 169065 | K12: 297375 | L12: 120453 | M12: 464998 | N12: 24711 | O12: 142033 | P12: 80352 | Q12: 164 | R12: 3108952
A13: 2009 | B13: 13744 | C13: 111917 | D13: 936640 | E13: 293748 | F13: 223389 | G13: 30012 | H13: 112816 | I13: 82894 | J13: 167583 | K13: 296429 | L13: 117957 | M13: 464957 | N13: 25384 | O13: 141505 | P13: 81117 | Q13: 169 | R13: 3100261
A14: 2010 | B14: 13193 | C14: 111570 | D14: 951811 | E14: 295687 | F14: 223699 | G14: 30000 | H14: 112519 | I14: 83014 | J14: 166995 | K14: 298107 | L14: 118071 | M14: 468336 | N14: 25560 | O14: 142950 | P14: 81250 | Q14: 157 | R14: 3122919
A15: 2011 | B15: 12820 | C15: 110505 | D15: 955307 | E15: 296349 | F15: 223071 | G15: 29679 | H15: 111379 | I15: 83109 | J15: 165102 | K15: 296574 | L15: 118441 | M15: 464953 | N15: 25737 | O15: 143713 | P15: 81275 | Q15: 149 | R15: 3118163
A16: 2012 | B16: 12514 | C16: 111336 | D16: 980319 | E16: 296961 | F16: 225355 | G16: 29732 | H16: 112003 | I16: 84028 | J16: 166319 | K16: 299531 | L16: 119568 | M16: 475275 | N16: 26112 | O16: 145021 | P16: 82123 | Q16: 149 | R16: 3166346
... A27: 2023 | B27: 10906 | C27: 157847 | D27: 1332384 | E27: 413105 | F27: 312306 | G27: 37664 | H27: 147518 | I27: 106737 | J27: 217175 | K27: 383041 | L27: 162547 | M27: 644328 | N27: 30734 | O27: 205970 | P27: 102514 | Q27: 204 | R27: 4264980
A28: NZ total includes the Chathams and unknown regions
A30: Population
C31: Northland | D31: Auckland | E31: Waikato | F31: Bay of Plenty | G31: Gisborne | H31: Hawke's Bay | I31: Taranaki | J31: Manawatu-Whanganui | K31: Wellington | L31: Nelson - Marlborough - Tasman | M31: Canterbury | N31: West Coast | O31: Otago | P31: Southland | Q31: Chatham Islands Territory | R31: NZ
A32: 2001 | C32: 144400 | D32: 1218300 | E32: 368400 | F32: 246900 | G32: 45500 | H32: 147300 | I32: 105700 | J32: 227500 | K32: 440200 | L32: 126000 | M32: 496700 | N32: 31100 | O32: 188300 | P32: 93300 | Q32: 750 | R32: 3880500
A33: 2002 | C33: 146000 | D33: 1255800 | E33: 373400 | F33: 250700 | G33: 45500 | H33: 148500 | I33: 105900 | J33: 227800 | K33: 445800 | L33: 127500 | M33: 505100 | N33: 31100 | O33: 191000 | P33: 93500 | Q33: 730 | R33: 3948500
A34: 2003 | C34: 147900 | D34: 1297600 | E34: 379200 | F34: 255000 | G34: 45800 | H34: 149400 | I34: 106600 | J34: 228700 | K34: 452300 | L34: 129500 | M34: 515500 | N34: 31400 | O34: 193500 | P34: 94100 | Q34: 710 | R34: 4027200
A35: 2004 | C35: 149500 | D35: 1326000 | E35: 384500 | F35: 259100 | G35: 45800 | H35: 150400 | I35: 106800 | J35: 229200 | K35: 457800 | L35: 131500 | M35: 524800 | N35: 31500 | O35: 195900 | P35: 94100 | Q35: 690 | R35: 4087500
A36: 2005 | C36: 151000 | D36: 1348900 | E36: 388700 | F36: 262200 | G36: 45900 | H36: 151200 | I36: 106800 | J36: 228900 | K36: 461600 | L36: 132600 | M36: 531900 | N36: 31800 | O36: 197900 | P36: 93700 | Q36: 670 | R36: 4133900
A37: 2006 | C37: 152700 | D37: 1373000 | E37: 393200 | F37: 265300 | G37: 46000 | H37: 152100 | I37: 107300 | J37: 229400 | K37: 466300 | L37: 133700 | M37: 540000 | N37: 32100 | O37: 199800 | P37: 93200 | Q37: 650 | R37: 4184600
A38: 2007 | C38: 154700 | D38: 1390400 | E38: 397300 | F38: 267900 | G38: 46000 | H38: 152900 | I38: 107600 | J38: 228700 | K38: 469300 | L38: 134700 | M38: 547400 | N38: 32300 | O38: 201000 | P38: 93100 | Q38: 640 | R38: 4223800
A39: 2008 | C39: 156300 | D39: 1405500 | E39: 401600 | F39: 270200 | G39: 46000 | H39: 153500 | I39: 108300 | J39: 228600 | K39: 471800 | L39: 135900 | M39: 553800 | N39: 32400 | O39: 202100 | P39: 93300 | Q39: 640 | R39: 4259800
A40: 2009 | C40: 158200 | D40: 1421700 | E40: 406600 | F40: 272700 | G40: 46300 | H40: 154500 | I40: 109300 | J40: 229300 | K40: 475600 | L40: 137100 | M40: 560600 | N40: 32700 | O40: 203300 | P40: 93900 | Q40: 640 | R40: 4302600
A41: 2010 | C41: 160600 | D41: 1439600 | E41: 412400 | F41: 275700 | G41: 46700 | H41: 156300 | I41: 110700 | J41: 230400 | K41: 479400 | L41: 138500 | M41: 567700 | N41: 32800 | O41: 204600 | P41: 94700 | Q41: 640 | R41: 4350700
A42: 2011 | C42: 162500 | D42: 1459600 | E42: 417300 | F42: 278200 | G42: 46800 | H42: 157300 | I42: 111800 | J42: 231300 | K42: 483400 | L42: 140400 | M42: 559300 | N42: 33100 | O42: 206600 | P42: 95700 | Q42: 640 | R42: 4384000
A43: 2012 | C43: 163500 | D43: 1476500 | E43: 421500 | F43: 278800 | G43: 47000 | H43: 157500 | I43: 112700 | J43: 231200 | K43: 485100 | L43: 141400 | M43: 556000 | N43: 33100 | O43: 207400 | P43: 95900 | Q43: 600 | R43: 4408100
... A54: 2023 | C54: 203900 | D54: 1739300 | E54: 522600 | F54: 354100 | G54: 52600 | H54: 184800 | I54: 128700 | J54: 260900 | K54: 550500 | L54: 167200 | M54: 666300 | N54: 32900 | O54: 254600 | P54: 103900 | Q54: 730 | R54: 5223100
A55: Infoshare DPE051AA for regions and NZ total and DPE052AA for the Chatham Islands Territory, June population
A57: Light vehicles per 1000 popn
C58: Northland | D58: Auckland | E58: Waikato | F58: Bay of Plenty | G58: Gisborne | H58: Hawke's Bay | I58: Taranaki | J58: Manawatu-Whanganui | K58: Wellington | L58: Nelson - Marl | M58: Canterbury | N58: West Coast | O58: Otago | P58: Southland | Q58: Chatham Islands Territory | R58: NZ
A59: 2001 | C59: =C5*1000/C32 -> 657.62465 | D59: =D5*1000/D32 -> 625.65132 | E59: =E5*1000/E32 -> 632.65472 | F59: =F5*1000/F32 -> 737.83313 | G59: =G5*1000/G32 -> 570.52747 | H59: =H5*1000/H32 -> 650.17651 | I59: =I5*1000/I32 -> 636.73605 | J59: =J5*1000/J32 -> 650.56703 | ... R59: =R5*1000/R32 -> 660.64966
A60: 2002 | C60: =C6*1000/C33 -> 628.20548 | D60: =D6*1000/D33 -> 630.81382 | E60: =E6*1000/E33 -> 660.99893 | F60: =F6*1000/F33 -> 753.2509 | G60: =G6*1000/G33 -> 582.52747 | H60: =H6*1000/H33 -> 662.57239 | I60: =I6*1000/I33 -> 658.51747 | J60: =J6*1000/J33 -> 663.10799 | ... R60: =R6*1000/R33 -> 670.63746
A61: 2003 | C61: =C7*1000/C34 -> 638.41785 | D61: =D7*1000/D34 -> 645.96178 | E61: =E7*1000/E34 -> 675.78323 | F61: =F7*1000/F34 -> 769.06667 | G61: =G7*1000/G34 -> 591.79039 | H61: =H7*1000/H34 -> 682.20884 | I61: =I7*1000/I34 -> 671.35084 | J61: =J7*1000/J34 -> 674.94972 | ... R61: =R7*1000/R34 -> 685.21057
A62: 2004 | C62: =C8*1000/C35 -> 664.37458 | D62: =D8*1000/D35 -> 656.49849 | E62: =E8*1000/E35 -> 696.54096 | F62: =F8*1000/F35 -> 789.80316 | G62: =G8*1000/G35 -> 616.83406 | H62: =H8*1000/H35 -> 699.88032 | I62: =I8*1000/I35 -> 689.40075 | J62: =J8*1000/J35 -> 692.10733 | ... R62: =R8*1000/R35 -> 701.42606
A63: 2005 | C63: =C9*1000/C36 -> 694.17219 | D63: =D9*1000/D36 -> 668.04507 | E63: =E9*1000/E36 -> 718.77541 | F63: =F9*1000/F36 -> 811.55988 | G63: =G9*1000/G36 -> 636.81917 | H63: =H9*1000/H36 -> 720.46958 | I63: =I9*1000/I36 -> 719.24157 | J63: =J9*1000/J36 -> 710.14417 | ... R63: =R9*1000/R36 -> 717.77305
A64: 2006 | C64: =C10*1000/C37 -> 720.71382 | D64: =D10*1000/D37 -> 666.18281 | E64: =E10*1000/E37 -> 727.61953 | F64: =F10*1000/F37 -> 821.78666 | G64: =G10*1000/G37 -> 653.45652 | H64: =H10*1000/H37 -> 731.91321 | I64: =I10*1000/I37 -> 735.70363 | J64: =J10*1000/J37 -> 726.8265 | ... R64: =R10*1000/R37 -> 724.05176
A65: 2007 | C65: =C11*1000/C38 -> 720.40724 | D65: =D11*1000/D38 -> 672.43959 | E65: =E11*1000/E38 -> 735.61792 | F65: =F11*1000/F38 -> 831.75812 | G65: =G11*1000/G38 -> 663.30435 | H65: =H11*1000/H38 -> 740.66056 | I65: =I11*1000/I38 -> 751.66357 | J65: =J11*1000/J38 -> 738.10669 | ... R65: =R11*1000/R38 -> 731.30499
A66: 2008 | C66: =C12*1000/C39 -> 719.21945 | D66: =D12*1000/D39 -> 666.76129 | E66: =E12*1000/E39 -> 735.19671 | F66: =F12*1000/F39 -> 828.80829 | G66: =G12*1000/G39 -> 659.56522 | H66: =H12*1000/H39 -> 739.71336 | I66: =I12*1000/I39 -> 763.64728 | J66: =J12*1000/J39 -> 739.56693 | ... R66: =R12*1000/R39 -> 729.8352
A67: 2009 | C67: =C13*1000/C40 -> 707.43995 | D67: =D13*1000/D40 -> 658.81691 | E67: =E13*1000/E40 -> 722.44958 | F67: =F13*1000/F40 -> 819.17492 | G67: =G13*1000/G40 -> 648.20734 | H67: =H13*1000/H40 -> 730.20065 | I67: =I13*1000/I40 -> 758.40805 | J67: =J13*1000/J40 -> 730.84605 | ... R67: =R13*1000/R40 -> 720.55525
A68: 2010 | C68: =C14*1000/C41 -> 694.70735 | D68: =D14*1000/D41 -> 661.16352 | E68: =E14*1000/E41 -> 716.99079 | F68: =F14*1000/F41 -> 811.38556 | G68: =G14*1000/G41 -> 642.39829 | H68: =H14*1000/H41 -> 719.89123 | I68: =I14*1000/I41 -> 749.90063 | J68: =J14*1000/J41 -> 724.80469 | ... R68: =R14*1000/R41 -> 717.79691
A69: 2011 | C69: =C15*1000/C42 -> 680.03077 | D69: =D15*1000/D42 -> 654.49918 | E69: =E15*1000/E42 -> 710.15816 | F69: =F15*1000/F42 -> 801.83681 | G69: =G15*1000/G42 -> 634.16667 | H69: =H15*1000/H42 -> 708.06739 | I69: =I15*1000/I42 -> 743.37209 | J69: =J15*1000/J42 -> 713.80026 | ... R69: =R15*1000/R42 -> 711.25981
A70: 2012 | C70: =C16*1000/C43 -> 680.95413 | D70: =D16*1000/D43 -> 663.94785 | E70: =E16*1000/E43 -> 704.53381 | F70: =F16*1000/F43 -> 808.30344 | G70: =G16*1000/G43 -> 632.59574 | H70: =H16*1000/H43 -> 711.13016 | I70: =I16*1000/I43 -> 745.59006 | J70: =J16*1000/J43 -> 719.37284 | ... R70: =R16*1000/R43 -> 718.30176
... A81: 2023 | C81: =C27*1000/C54 -> 774.13928 | D81: =D27*1000/D54 -> 766.04611 | E81: =E27*1000/E54 -> 790.48029 | F81: =F27*1000/F54 -> 881.97119 | G81: =G27*1000/G54 -> 716.04563 | H81: =H27*1000/H54 -> 798.25758 | I81: =I27*1000/I54 -> 829.34732 | J81: =J27*1000/J54 -> 832.40705 | ... R81: =R27*1000/R54 -> 816.56105

Sheet 2.1, 2.2, 2.3,2.4
B1: Fleet composition by vehcle type and import status | O1: Average vehicle ages | AH1: Back to Contents
B2: Vehicles | O2: Vehicle ages | Z2: Calculated summaries
A3: Period | B3: Total light new | C3: Total light used import | D3: Total LPV new | E3: Total LPV used | F3: Total LCV new | G3: Total LCV used | H3: Total MC new | I3: Total MC used | J3: Total truck new | K3: Total truck used | L3: Total bus new | M3: Total bus used | O3: Light passenger New | P3: Light passenger used import | Q3: Light commercial New | R3: Light commercial used import | S3: Motorcycle New | T3: Motorcycle Used Import | U3: Truck New | V3: Truck Used Import | W3: Bus New | X3: Bus Used Import | Z3: Light used % | AA3: Truck used % | AB3: Bus used % | AC3: Light fleet average age | AD3: Light passenger average age | AE3: Light commercial average age | AF3: Motorcycle average age | AG3: Truck fleet average age | AH3: Bus fleet average age | AI3: Light used average age | AJ3: New light average age
A4: 2000 | B4: 1513147 | C4: 981708 | D4: 1264812 | E4: 882704 | F4: 248335 | G4: 99004 | H4: 53126 | I4: 25515 | J4: 70002 | K4: 25620 | L4: 3330 | M4: 1082 | O4: 11.989769 | P4: 11.347843 | Q4: 12.085115 | R4: 13.319553 | S4: 14.510955 | T4: 19.699647 | U4: 14.773921 | V4: 13.084504 | W4: 16.554054 | X4: 15.019409 | Z4: =C4/(B4+C4) -> 0.39349301 | AA4: =K4/(J4+K4) -> 0.26792997 | AB4: =M4/(L4+M4) -> 0.24524025 | AC4: =(D4*O4+E4*P4+F4*Q4+G4*R4)/SUM(D4:G4) -> 11.82491 | AD4: =(D4*O4+E4*P4)/(D4+E4) -> 11.725915 | AE4: =(F4*Q4+G4*R4)/(F4+G4) -> 12.436974 | AF4: =(H4*S4+I4*T4)/(H4+I4) -> 16.194421 | AG4: =(J4*U4+K4*V4)/(J4+K4) -> 14.321275 | AH4: =(L4*W4+M4*X4)/(L4+M4) -> 16.177697 | AI4: =(E4*P4+G4*R4)/SUM(E4,G4) -> 11.546687 | AJ4: =(D4*O4+F4*Q4)/SUM(D4,F4) -> 12.005417
A5: 2001 | B5: 1496688 | C5: 1066963 | D5: 1245148 | E5: 968524 | F5: 251540 | G5: 98439 | H5: 53618 | I5: 25612 | J5: 70085 | K5: 27782 | L5: 3444 | M5: 1254 | O5: 12.069625 | P5: 11.62803 | Q5: 12.109334 | R5: 13.933212 | S5: 14.75981 | T5: 20.432766 | U5: 15.025961 | V5: 13.567814 | W5: 16.652149 | X5: 15.333333 | Z5: =C5/(B5+C5) -> 0.41618887 | AA5: =K5/(J5+K5) -> 0.28387505 | AB5: =M5/(L5+M5) -> 0.26692209 | AC5: =(D5*O5+E5*P5+F5*Q5+G5*R5)/SUM(D5:G5) -> 11.978248 | AD5: =(D5*O5+E5*P5)/(D5+E5) -> 11.876418 | AE5: =(F5*Q5+G5*R5)/(F5+G5) -> 12.622339 | AF5: =(H5*S5+I5*T5)/(H5+I5) -> 16.593658 | AG5: =(J5*U5+K5*V5)/(J5+K5) -> 14.61203 | AH5: =(L5*W5+M5*X5)/(L5+M5) -> 16.300128 | AI5: =(E5*P5+G5*R5)/SUM(E5,G5) -> 11.840708 | AJ5: =(D5*O5+F5*Q5)/SUM(D5,F5) -> 12.076298
A6: 2002 | B6: 1491314 | C6: 1156698 | D6: 1235091 | E6: 1057292 | F6: 256223 | G6: 99406 | H6: 54626 | I6: 26134 | J6: 70739 | K6: 30962 | L6: 3524 | M6: 1560 | O6: 12.08289 | P6: 11.839018 | Q6: 12.061571 | R6: 14.364797 | S6: 14.836076 | T6: 20.962424 | U6: 15.104878 | V6: 13.865642 | W6: 16.688138 | X6: 15.467308 | Z6: =C6/(B6+C6) -> 0.43681751 | AA6: =K6/(J6+K6) -> 0.30444145 | AB6: =M6/(L6+M6) -> 0.306845 | AC6: =(D6*O6+E6*P6+F6*Q6+G6*R6)/SUM(D6:G6) -> 12.069117 | AD6: =(D6*O6+E6*P6)/(D6+E6) -> 11.970411 | AE6: =(F6*Q6+G6*R6)/(F6+G6) -> 12.705373 | AF6: =(H6*S6+I6*T6)/(H6+I6) -> 16.818567 | AG6: =(J6*U6+K6*V6)/(J6+K6) -> 14.727603 | AH6: =(L6*W6+M6*X6)/(L6+M6) -> 16.313533 | AI6: =(E6*P6+G6*R6)/SUM(E6,G6) -> 12.056082 | AJ6: =(D6*O6+F6*Q6)/SUM(D6,F6) -> 12.079227
A7: 2003 | B7: 1497748 | C7: 1261732 | D7: 1234787 | E7: 1160343 | F7: 262961 | G7: 101389 | H7: 56702 | I7: 26921 | J7: 71839 | K7: 35031 | L7: 3657 | M7: 1794 | O7: 12.04329 | P7: 12.003142 | Q7: 11.9433 | R7: 14.721474 | S7: 14.669006 | T7: 21.347443 | U7: 15.080103 | V7: 14.128814 | W7: 16.426716 | X7: 15.869008 | Z7: =C7/(B7+C7) -> 0.45723542 | AA7: =K7/(J7+K7) -> 0.32779077 | AB7: =M7/(L7+M7) -> 0.32911392 | AC7: =(D7*O7+E7*P7+F7*Q7+G7*R7)/SUM(D7:G7) -> 12.115282 | AD7: =(D7*O7+E7*P7)/(D7+E7) -> 12.02384 | AE7: =(F7*Q7+G7*R7)/(F7+G7) -> 12.716392 | AF7: =(H7*S7+I7*T7)/(H7+I7) -> 16.819015 | AG7: =(J7*U7+K7*V7)/(J7+K7) -> 14.768279 | AH7: =(L7*W7+M7*X7)/(L7+M7) -> 16.243166 | AI7: =(E7*P7+G7*R7)/SUM(E7,G7) -> 12.221579 | AJ7: =(D7*O7+F7*Q7)/SUM(D7,F7) -> 12.025735
A8: 2004 | B8: 1510913 | C8: 1356166 | D8: 1238985 | E8: 1251926 | F8: 271928 | G8: 104240 | H8: 60545 | I8: 27921 | J8: 73545 | K8: 40206 | L8: 3868 | M8: 2008 | O8: 11.961607 | P8: 12.250095 | Q8: 11.769853 | R8: 15.00778 | S8: 14.12162 | T8: 21.558057 | U8: 14.959256 | V8: 14.370094 | W8: 16.044984 | X8: 16.194223 | Z8: =C8/(B8+C8) -> 0.47301313 | AA8: =K8/(J8+K8) -> 0.35345623 | AB8: =M8/(L8+M8) -> 0.34172907 | AC8: =(D8*O8+E8*P8+F8*Q8+G8*R8)/SUM(D8:G8) -> 12.180142 | AD8: =(D8*O8+E8*P8)/(D8+E8) -> 12.106601 | AE8: =(F8*Q8+G8*R8)/(F8+G8) -> 12.667115 | AF8: =(H8*S8+I8*T8)/(H8+I8) -> 16.468655 | AG8: =(J8*U8+K8*V8)/(J8+K8) -> 14.751013 | AH8: =(L8*W8+M8*X8)/(L8+M8) -> 16.095984 | AI8: =(E8*P8+G8*R8)/SUM(E8,G8) -> 12.462061 | AJ8: =(D8*O8+F8*Q8)/SUM(D8,F8) -> 11.927096
A9: 2005 | B9: 1529850 | C9: 1437352 | D9: 1247345 | E9: 1331171 | F9: 282505 | G9: 106181 | H9: 67835 | I9: 29563 | J9: 75364 | K9: 44455 | L9: 4006 | M9: 2199 | O9: 11.869024 | P9: 12.559071 | Q9: 11.582209 | R9: 15.301273 | S9: 13.113481 | T9: 21.577157 | U9: 14.748408 | V9: 14.762918 | W9: 15.957439 | X9: 16.58231 | Z9: =C9/(B9+C9) -> 0.48441326 | AA9: =K9/(J9+K9) -> 0.37101795 | AB9: =M9/(L9+M9) -> 0.35439162 | AC9: =(D9*O9+E9*P9+F9*Q9+G9*R9)/SUM(D9:G9) -> 12.274114 | AD9: =(D9*O9+E9*P9)/(D9+E9) -> 12.225264 | AE9: =(F9*Q9+G9*R9)/(F9+G9) -> 12.598181 | AF9: =(H9*S9+I9*T9)/(H9+I9) -> 15.682442 | AG9: =(J9*U9+K9*V9)/(J9+K9) -> 14.753791 | AH9: =(L9*W9+M9*X9)/(L9+M9) -> 16.178888 | AI9: =(E9*P9+G9*R9)/SUM(E9,G9) -> 12.761644 | AJ9: =(D9*O9+F9*Q9)/SUM(D9,F9) -> 11.81606
A10: 2006 | B10: 1549302 | C10: 1480565 | D10: 1257678 | E10: 1373983 | F10: 291624 | G10: 106582 | H10: 76237 | I10: 31819 | J10: 76298 | K10: 48051 | L10: 4068 | M10: 2381 | O10: 11.80853 | P10: 12.969406 | Q10: 11.501128 | R10: 15.652427 | S10: 12.292968 | T10: 21.523634 | U10: 14.767104 | V10: 15.219298 | W10: 16.201819 | X10: 17.142167 | Z10: =C10/(B10+C10) -> 0.48865676 | AA10: =K10/(J10+K10) -> 0.38642048 | AB10: =M10/(L10+M10) -> 0.36920453 | AC10: =(D10*O10+E10*P10+F10*Q10+G10*R10)/SUM(D10:G10) -> 12.440594 | AD10: =(D10*O10+E10*P10)/(D10+E10) -> 12.41462 | AE10: =(F10*Q10+G10*R10)/(F10+G10) -> 12.612246 | AF10: =(H10*S10+I10*T10)/(H10+I10) -> 15.011101 | AG10: =(J10*U10+K10*V10)/(J10+K10) -> 14.941841 | AH10: =(L10*W10+M10*X10)/(L10+M10) -> 16.549 | AI10: =(E10*P10+G10*R10)/SUM(E10,G10) -> 13.16255 | AJ10: =(D10*O10+F10*Q10)/SUM(D10,F10) -> 11.750668
A11: 2007 | B11: 1573227 | C11: 1515659 | D11: 1271123 | E11: 1408225 | F11: 302104 | G11: 107434 | H11: 85419 | I11: 34365 | J11: 77439 | K11: 51377 | L11: 4173 | M11: 2708 | O11: 11.75978 | P11: 13.366922 | Q11: 11.410918 | R11: 15.890147 | S11: 11.553524 | T11: 21.325753 | U11: 14.754136 | V11: 15.659429 | W11: 16.163072 | X11: 17.263294 | Z11: =C11/(B11+C11) -> 0.49068143 | AA11: =K11/(J11+K11) -> 0.39884021 | AB11: =M11/(L11+M11) -> 0.39354745 | AC11: =(D11*O11+E11*P11+F11*Q11+G11*R11)/SUM(D11:G11) -> 12.602014 | AD11: =(D11*O11+E11*P11)/(D11+E11) -> 12.604469 | AE11: =(F11*Q11+G11*R11)/(F11+G11) -> 12.585953 | AF11: =(H11*S11+I11*T11)/(H11+I11) -> 14.357093 | AG11: =(J11*U11+K11*V11)/(J11+K11) -> 15.115203 | AH11: =(L11*W11+M11*X11)/(L11+M11) -> 16.596062 | AI11: =(E11*P11+G11*R11)/SUM(E11,G11) -> 13.545775 | AJ11: =(D11*O11+F11*Q11)/SUM(D11,F11) -> 11.692788
A12: 2008 | B12: 1593815 | C12: 1515137 | D12: 1283022 | E12: 1409926 | F12: 310793 | G12: 105211 | H12: 96247 | I12: 37438 | J12: 78702 | K12: 52557 | L12: 4362 | M12: 2967 | O12: 11.7704 | P12: 13.845048 | Q12: 11.416193 | R12: 16.298605 | S12: 10.873731 | T12: 21.138562 | U12: 14.693667 | V12: 16.279649 | W12: 15.727877 | X12: 17.631109 | Z12: =C12/(B12+C12) -> 0.48734654 | AA12: =K12/(J12+K12) -> 0.40040683 | AB12: =M12/(L12+M12) -> 0.40483013 | AC12: =(D12*O12+E12*P12+F12*Q12+G12*R12)/SUM(D12:G12) -> 12.829095 | AD12: =(D12*O12+E12*P12)/(D12+E12) -> 12.856607 | AE12: =(F12*Q12+G12*R12)/(F12+G12) -> 12.650997 | AF12: =(H12*S12+I12*T12)/(H12+I12) -> 13.74836 | AG12: =(J12*U12+K12*V12)/(J12+K12) -> 15.328705 | AH12: =(L12*W12+M12*X12)/(L12+M12) -> 16.498363 | AI12: =(E12*P12+G12*R12)/SUM(E12,G12) -> 14.015423 | AJ12: =(D12*O12+F12*Q12)/SUM(D12,F12) -> 11.70133
A13: 2009 | B13: 1599514 | C13: 1500747 | D13: 1285510 | E13: 1399353 | F13: 314004 | G13: 101394 | H13: 100004 | I13: 38530 | J13: 78263 | K13: 52142 | L13: 4663 | M13: 3034 | O13: 12.007329 | P13: 14.384134 | Q13: 11.70786 | R13: 16.923289 | S13: 11.100166 | T13: 21.627745 | U13: 14.988404 | V13: 17.048042 | W13: 15.013832 | X13: 18.275214 | Z13: =C13/(B13+C13) -> 0.48407118 | AA13: =K13/(J13+K13) -> 0.39984663 | AB13: =M13/(L13+M13) -> 0.39417955 | AC13: =(D13*O13+E13*P13+F13*Q13+G13*R13)/SUM(D13:G13) -> 13.210583 | AD13: =(D13*O13+E13*P13)/(D13+E13) -> 13.246121 | AE13: =(F13*Q13+G13*R13)/(F13+G13) -> 12.980888 | AF13: =(H13*S13+I13*T13)/(H13+I13) -> 14.028166 | AG13: =(J13*U13+K13*V13)/(J13+K13) -> 15.811944 | AH13: =(L13*W13+M13*X13)/(L13+M13) -> 16.299402 | AI13: =(E13*P13+G13*R13)/SUM(E13,G13) -> 14.555685 | AJ13: =(D13*O13+F13*Q13)/SUM(D13,F13) -> 11.948539
A14: 2010 | B14: 1617581 | C14: 1505338 | D14: 1297750 | E14: 1407707 | F14: 319831 | G14: 97631 | H14: 101482 | I14: 38890 | J14: 77608 | K14: 51436 | L14: 4796 | M14: 3036 | O14: 12.172967 | P14: 14.81083 | Q14: 11.876801 | R14: 17.52658 | S14: 11.521797 | T14: 22.169401 | U14: 15.249233 | V14: 17.8301 | W14: 14.933903 | X14: 19.00527 | Z14: =C14/(B14+C14) -> 0.48202915 | AA14: =K14/(J14+K14) -> 0.39859273 | AB14: =M14/(L14+M14) -> 0.38764045 | AC14: =(D14*O14+E14*P14+F14*Q14+G14*R14)/SUM(D14:G14) -> 13.499064 | AD14: =(D14*O14+E14*P14)/(D14+E14) -> 13.545504 | AE14: =(F14*Q14+G14*R14)/(F14+G14) -> 13.198103 | AF14: =(H14*S14+I14*T14)/(H14+I14) -> 14.471711 | AG14: =(J14*U14+K14*V14)/(J14+K14) -> 16.277948 | AH14: =(L14*W14+M14*X14)/(L14+M14) -> 16.51213 | AI14: =(E14*P14+G14*R14)/SUM(E14,G14) -> 14.986964 | AJ14: =(D14*O14+F14*Q14)/SUM(D14,F14) -> 12.114408
A15: 2011 | B15: 1632753 | C15: 1485410 | D15: 1306679 | E15: 1391812 | F15: 326074 | G15: 93598 | H15: 102086 | I15: 38898 | J15: 77537 | K15: 50286 | L15: 4950 | M15: 2989 | O15: 12.303188 | P15: 15.256154 | Q15: 11.968634 | R15: 18.064243 | S15: 11.985571 | T15: 22.883953 | U15: 15.406238 | V15: 18.607366 | W15: 14.568485 | X15: 19.796755 | Z15: =C15/(B15+C15) -> 0.47637343 | AA15: =K15/(J15+K15) -> 0.39340338 | AB15: =M15/(L15+M15) -> 0.37649578 | AC15: =(D15*O15+E15*P15+F15*Q15+G15*R15)/SUM(D15:G15) -> 13.759208 | AD15: =(D15*O15+E15*P15)/(D15+E15) -> 13.826252 | AE15: =(F15*Q15+G15*R15)/(F15+G15) -> 13.328117 | AF15: =(H15*S15+I15*T15)/(H15+I15) -> 14.992474 | AG15: =(J15*U15+K15*V15)/(J15+K15) -> 16.665573 | AH15: =(L15*W15+M15*X15)/(L15+M15) -> 16.536906 | AI15: =(E15*P15+G15*R15)/SUM(E15,G15) -> 15.433096 | AJ15: =(D15*O15+F15*Q15)/SUM(D15,F15) -> 12.236375
... A27: 2023 | B27: 2482946 | C27: 1782034 | D27: 1846155 | E27: 1663800 | F27: 636791 | G27: 118234 | H27: 150080 | I27: 53103 | J27: 117414 | K27: 53454 | L27: 8782 | M27: 2737 | O27: 12.316759 | P27: 17.939554 | Q27: 11.426989 | R27: 20.054096 | S27: 14.728585 | T27: 29.654492 | U27: 15.128307 | V27: 23.757941 | W27: 13.923024 | X27: 26.049141 | Z27: =C27/(B27+C27) -> 0.41782939 | AA27: =K27/(J27+K27) -> 0.31283798 | AB27: =M27/(L27+M27) -> 0.23760743 | AC27: =(D27*O27+E27*P27+F27*Q27+G27*R27)/SUM(D27:G27) -> 14.591899 | AD27: =(D27*O27+E27*P27)/(D27+E27) -> 14.982094 | AE27: =(F27*Q27+G27*R27)/(F27+G27) -> 12.777961 | AF27: =(H27*S27+I27*T27)/(H27+I27) -> 18.629553 | AG27: =(J27*U27+K27*V27)/(J27+K27) -> 17.827984 | AH27: =(L27*W27+M27*X27)/(L27+M27) -> 16.80428 | AI27: =(E27*P27+G27*R27)/SUM(E27,G27) -> 18.079849 | AJ27: =(D27*O27+F27*Q27)/SUM(D27,F27) -> 12.088563

Sheet 2.5a-2.8a
B1: Vehicle Year of Manufacture (by end of 2023) | J1: Back to Contents
A2: Year of manufacture | B2: Light passenger New | C2: Light passenger used import | D2: Light commercial New | E2: Light commercial used import | F2: Motorcycle New | G2: Motorcycle used | H2: Truck New | I2: Truck used | J2: Bus New | K2: Bus used | L2: Total Light
A3: 1968 | B3: 30812 | C3: 19434 | D3: 4471 | E3: 3004 | F3: 3432 | G3: 3773 | H3: 1521 | I3: 251 | J3: 93 | K3: 16 | L3: =SUM(B3:E3) -> 57721
A4: 1969 | B4: 2661 | C4: 1476 | D4: 290 | E4: 131 | F4: 153 | G4: 386 | H4: 153 | I4: 12 | J4: 6 | K4: 0 | L4: =SUM(B4:E4) -> 4558
A5: 1970 | B5: 3843 | C5: 1275 | D5: 499 | E5: 159 | F5: 211 | G5: 461 | H5: 205 | I5: 11 | J5: 11 | K5: 1 | L5: =SUM(B5:E5) -> 5776
A6: 1971 | B6: 4107 | C6: 922 | D6: 699 | E6: 156 | F6: 332 | G6: 573 | H6: 185 | I6: 19 | J6: 10 | K6: 2 | L6: =SUM(B6:E6) -> 5884
A7: 1972 | B7: 4703 | C7: 1041 | D7: 599 | E7: 182 | F7: 392 | G7: 702 | H7: 210 | I7: 10 | J7: 8 | K7: 2 | L7: =SUM(B7:E7) -> 6525
A8: 1973 | B8: 4875 | C8: 1039 | D8: 568 | E8: 128 | F8: 606 | G8: 818 | H8: 247 | I8: 10 | J8: 10 | K8: 0 | L8: =SUM(B8:E8) -> 6610
A9: 1974 | B9: 5173 | C9: 808 | D9: 579 | E9: 129 | F9: 502 | G9: 730 | H9: 211 | I9: 21 | J9: 20 | K9: 1 | L9: =SUM(B9:E9) -> 6689
A10: 1975 | B10: 3172 | C10: 501 | D10: 598 | E10: 124 | F10: 449 | G10: 812 | H10: 306 | I10: 31 | J10: 24 | K10: 0 | L10: =SUM(B10:E10) -> 4395
A11: 1976 | B11: 2557 | C11: 527 | D11: 698 | E11: 170 | F11: 343 | G11: 642 | H11: 365 | I11: 22 | J11: 31 | K11: 5 | L11: =SUM(B11:E11) -> 3952
A12: 1977 | B12: 2516 | C12: 585 | D12: 836 | E12: 203 | F12: 333 | G12: 515 | H12: 365 | I12: 25 | J12: 33 | K12: 5 | L12: =SUM(B12:E12) -> 4140
A13: 1978 | B13: 3046 | C13: 997 | D13: 978 | E13: 209 | F13: 323 | G13: 645 | H13: 331 | I13: 36 | J13: 45 | K13: 11 | L13: =SUM(B13:E13) -> 5230
A14: 1979 | B14: 2872 | C14: 1218 | D14: 1169 | E14: 239 | F14: 613 | G14: 913 | H14: 390 | I14: 54 | J14: 50 | K14: 5 | L14: =SUM(B14:E14) -> 5498
... A58: 2023 | B58: 110427 | C58: 144 | D58: 30477 | E58: 191 | F58: 8652 | G58: 17 | H58: 7638 | I58: 13 | J58: 296 | K58: 0 | L58: =SUM(B58:E58) -> 141239

Sheet 2.9
B1: Heavy vehicle mass distribution | F1: Back to Contents
A2: Gross vehicle mass range (kg) | B2: Used Import | C2: New | D2: Total
A3: Truck < 5000 | B3: 14715 | C3: 16015 | D3: =SUM(B3:C3) -> 30730
A4: Truck < 7500 | B4: 19774 | C4: 19857 | D4: =SUM(B4:C4) -> 39631
A5: Truck < 10000 | B5: 10157 | C5: 9834 | D5: =SUM(B5:C5) -> 19991
A6: Truck < 12000 | B6: 2079 | C6: 6799 | D6: =SUM(B6:C6) -> 8878
A7: Truck < 15000 | B7: 1664 | C7: 7260 | D7: =SUM(B7:C7) -> 8924
A8: Truck < 20000 | B8: 1511 | C8: 8090 | D8: =SUM(B8:C8) -> 9601
A9: Truck < 25000 | B9: 2128 | C9: 15102 | D9: =SUM(B9:C9) -> 17230
A10: Truck < 30000 | B10: 1098 | C10: 17631 | D10: =SUM(B10:C10) -> 18729
A11: Truck > 30000 | B11: 328 | C11: 16826 | D11: =SUM(B11:C11) -> 17154
A12: Bus < 7000 | B12: 1082 | C12: 1962 | D12: =SUM(B12:C12) -> 3044
A13: Bus < 12000 | B13: 615 | C13: 1837 | D13: =SUM(B13:C13) -> 2452
A14: Bus > 12000 | B14: 1040 | C14: 4983 | D14: =SUM(B14:C14) -> 6023

Sheet 2.10
B1: Light fleet age distribution | S1: Back to Contents
A2: Age | B2: 2000 | C2: 2001 | D2: 2002 | E2: 2003 | F2: 2004 | G2: 2005 | H2: 2006 | I2: 2007 | J2: 2008 | K2: 2009 | L2: 2010 | M2: 2011 | N2: 2012 | O2: 2013 | P2: 2014 | Q2: 2015 | R2: 2016 | S2: 2017 | T2: 2018 | U2: 2019 | V2: 2020 | W2: 2021 | X2: 2022 | Y2: 2023
A3: 0-4 years | B3: 375595 | C3: 361250 | D3: 371531 | E3: 397135 | F3: 422502 | G3: 451868 | H3: 475878 | I3: 498452 | J3: 503725 | K3: 471588 | L3: 448822 | M3: 425961 | N3: 423448 | O3: 443008 | P3: 502812 | Q3: 559017 | R3: 620490 | S3: 678018 | T3: 722241 | U3: 744907 | V3: 726794 | W3: 744176 | X3: 747672 | Y3: 724820
A4: 5-9 years | B4: 720474 | C4: 737637 | D4: 730120 | E4: 760009 | F4: 761874 | G4: 756371 | H4: 661006 | I4: 609593 | J4: 592820 | K4: 594274 | L4: 630826 | M4: 649291 | N4: 663849 | O4: 704429 | P4: 698844 | Q4: 665896 | R4: 629226 | S4: 606796 | T4: 603984 | U4: 663733 | V4: 707226 | W4: 779912 | X4: 833786 | Y4: 873157
A5: 10-14 years | B5: 785329 | C5: 829944 | D5: 887818 | E5: 907696 | F5: 926763 | G5: 938736 | H5: 1023134 | I5: 1052628 | J5: 1050466 | K5: 995716 | L5: 926404 | M5: 809545 | N5: 752883 | O5: 724455 | P5: 765832 | Q5: 854435 | R5: 961502 | S5: 1079686 | T5: 1176237 | U5: 1122720 | V5: 1016871 | W5: 910491 | X5: 835161 | Y5: 805956
A6: 15-19 years | B6: 393886 | C6: 404925 | D6: 419311 | E6: 446602 | F6: 488830 | G6: 536073 | H6: 572288 | I6: 616169 | J6: 627757 | K6: 661072 | L6: 687247 | M6: 768183 | N6: 808726 | O6: 813663 | P6: 774000 | Q6: 728896 | R6: 645377 | S6: 596437 | T6: 568450 | U6: 647352 | V6: 768897 | W6: 872464 | X6: 967658 | Y6: 1021004
A7: 20+ years | B7: 219561 | C7: 229885 | D7: 239222 | E7: 248029 | F7: 267101 | G7: 284145 | H7: 297552 | I7: 312035 | J7: 334176 | K7: 377603 | L7: 429612 | M7: 465175 | N7: 517433 | O7: 558506 | P7: 618272 | Q7: 675011 | R7: 774941 | S7: 822794 | T7: 829104 | U7: 817881 | V7: 818002 | W7: 818758 | X7: 823352 | Y7: 840043
A8: Total | B8: =SUM(B3:B7) -> 2494845 | C8: =SUM(C3:C7) -> 2563641 | D8: =SUM(D3:D7) -> 2648002 | E8: =SUM(E3:E7) -> 2759471 | F8: =SUM(F3:F7) -> 2867070 | G8: =SUM(G3:G7) -> 2967193 | H8: =SUM(H3:H7) -> 3029858 | I8: =SUM(I3:I7) -> 3088877 | ... Y8: =SUM(Y3:Y7) -> 4264980
A11: 0-4 years | B11: =B3/B$8 -> 0.15054843 | C11: =C3/C$8 -> 0.14091287 | D11: =D3/D$8 -> 0.14030616 | E11: =E3/E$8 -> 0.14391708 | F11: =F3/F$8 -> 0.14736368 | G11: =G3/G$8 -> 0.15228804 | H11: =H3/H$8 -> 0.15706281 | I11: =I3/I$8 -> 0.16136997 | ... Y11: =Y3/Y$8 -> 0.16994687
A12: 5-9 years | B12: =B4/B$8 -> 0.28878507 | C12: =C4/C$8 -> 0.28773022 | D12: =D4/D$8 -> 0.27572487 | E12: =E4/E$8 -> 0.27541837 | F12: =F4/F$8 -> 0.26573261 | G12: =G4/G$8 -> 0.25491129 | H12: =H4/H$8 -> 0.21816402 | I12: =I4/I$8 -> 0.19735101 | ... Y12: =Y4/Y$8 -> 0.2047271
A13: 10-14 years | B13: =B5/B$8 -> 0.31478068 | C13: =C5/C$8 -> 0.32373644 | D13: =D5/D$8 -> 0.33527845 | E13: =E5/E$8 -> 0.32893841 | F13: =F5/F$8 -> 0.32324394 | G13: =G5/G$8 -> 0.31637174 | H13: =H5/H$8 -> 0.33768381 | I13: =I5/I$8 -> 0.34078016 | ... Y13: =Y5/Y$8 -> 0.18897064
A14: 15-19 years | B14: =B6/B$8 -> 0.15787995 | C14: =C6/C$8 -> 0.15794918 | D14: =D6/D$8 -> 0.15834996 | E14: =E6/E$8 -> 0.16184334 | F14: =F6/F$8 -> 0.1704981 | G14: =G6/G$8 -> 0.18066671 | H14: =H6/H$8 -> 0.18888278 | I14: =I6/I$8 -> 0.19947994 | ... Y14: =Y6/Y$8 -> 0.23939245
A15: 20+ years | B15: =B7/B$8 -> 0.088005868 | C15: =C7/C$8 -> 0.089671292 | D15: =D7/D$8 -> 0.090340566 | E15: =E7/E$8 -> 0.089882807 | F15: =F7/F$8 -> 0.09316166 | G15: =G7/G$8 -> 0.095762224 | H15: =H7/H$8 -> 0.098206583 | I15: =I7/I$8 -> 0.10101891 | ... Y15: =Y7/Y$8 -> 0.19696294

Sheet 3.1,3.2,3.4,8.3
B1: Travel, by 5 year YoM bands | M1: Back to Contents
B2: Travel (million vkm) | M2: Number of vehicles with travel recorded during the year (*)
A3: YoM | B3: NZ New LPV | C3: Used LPV | D3: NZ New LCV | E3: Used LCV | F3: NZ New Heavy truck | G3: Used Import Heavy truck | H3: NZ New Bus | I3: Used Import Bus | J3: MCycle | K3: Light Petrol | L3: Light Diesel | M3: Light_petrol_veh | N3: Light_diesel_veh | O3: NZ New LPV | P3: Used LPV | Q3: NZ New LCV | R3: Used LCV | S3: Truck_new | T3: Truck_used | U3: Bus_new | V3: Bus_used | W3: Motorcycles (not mopeds)
A4: 1968<= | B4: 60.844617 | C4: 52.661233 | D4: 11.354349 | E4: 10.169861 | F4: 2.4978644 | G4: 0.30531472 | H4: 0.19238253 | I4: 0.090874607 | J4: 10.819607 | K4: 133.80279 | L4: 1.1385299 | M4: 51189 | N4: 373 | O4: 26399 | P4: 18426 | Q4: 4009 | R4: 2799 | S4: 1425 | T4: 226 | U4: 70 | V4: 16 | W4: 5333
A5: 1969-1974 | B5: 58.562323 | C5: 16.728968 | D5: 11.569642 | E5: 3.2189527 | F5: 2.8582124 | G5: 0.29731968 | H5: 0.41463334 | I5: 0.040054445 | J5: 5.8103235 | K5: 88.389512 | L5: 1.4765939 | M5: 32131 | N5: 482 | O5: 22453 | P5: 6176 | Q5: 3165 | R5: 852 | S5: 1336 | T5: 75 | U5: 70 | V5: 6 | W5: 3893
A6: 1975-1979 | B6: 15.003916 | C6: 6.4268518 | D6: 14.632776 | E6: 4.8171424 | F6: 1.1979817 | G6: 0.1555339 | H6: 0.8398946 | I6: 0.13303669 | J6: 4.7093167 | K6: 38.488573 | L6: 2.2877144 | M6: 21010 | N6: 831 | O6: 13183 | P6: 3499 | Q6: 4283 | R6: 921 | S6: 1925 | T6: 158 | U6: 198 | V6: 28 | W6: 3769
A7: 1980-1984 | B7: 29.883285 | C7: 13.103675 | D7: 24.958907 | E7: 6.4273405 | F7: 6.6756569 | G7: 2.1691994 | H7: 1.2099232 | I7: 0.28816341 | J7: 6.8372233 | K7: 66.201718 | L7: 8.0419641 | M7: 22167 | N7: 2657 | O7: 10998 | P7: 5867 | Q7: 6628 | R7: 1366 | S7: 3351 | T7: 1058 | U7: 223 | V7: 107 | W7: 5073
A8: 1985-1989 | B8: 49.637817 | C8: 46.248926 | D8: 30.486359 | E8: 24.862651 | F8: 14.334459 | G8: 16.027762 | H8: 1.4387653 | I8: 2.3899474 | J8: 12.701708 | K8: 116.6347 | L8: 34.572719 | M8: 38458 | N8: 10265 | O8: 16434 | P8: 17474 | Q8: 8275 | R8: 6562 | S8: 4962 | T8: 5948 | U8: 232 | V8: 438 | W8: 7721
A9: 1990-1994 | B9: 139.00015 | C9: 292.07225 | D9: 86.612825 | E9: 58.194241 | F9: 25.140845 | G9: 54.815578 | H9: 1.9007858 | I9: 5.5314976 | J9: 10.012504 | K9: 386.20704 | L9: 189.55684 | M9: 92761 | N9: 39965 | O9: 31672 | P9: 69621 | Q9: 18943 | R9: 12530 | S9: 5602 | T9: 12397 | U9: 179 | V9: 743 | W9: 5742
A10: 1995-1999 | B10: 352.73151 | C10: 1110.6051 | D10: 138.77489 | E10: 99.51634 | F10: 48.455311 | G10: 85.312816 | H10: 4.6756022 | I10: 4.9735423 | J10: 16.493396 | K10: 1225.7051 | L10: 475.6485 | M10: 209791 | N10: 71001 | O10: 62527 | P10: 177775 | Q10: 24262 | R10: 16283 | S10: 6969 | T10: 12953 | U10: 410 | V10: 530 | W10: 9267
A11: 2000-2004 | B11: 1130.8697 | C11: 2088.9855 | D11: 388.28306 | E11: 89.522759 | F11: 168.30953 | G11: 18.245172 | H11: 18.301516 | I11: 1.6282048 | J11: 28.465594 | K11: 3282.7134 | L11: 404.00878 | M11: 433322 | N11: 54426 | O11: 163113 | P11: 259823 | Q11: 55026 | R11: 10922 | S11: 13511 | T11: 2250 | U11: 848 | V11: 132 | W11: 15998
A12: 2005-2009 | B12: 2360.9019 | C12: 6759.641 | D12: 775.14973 | E12: 330.05272 | F12: 257.27333 | G12: 104.02311 | H12: 30.424964 | I12: 6.2094726 | J12: 57.697983 | K12: 8984.8421 | L12: 1090.6037 | M12: 959246 | N12: 105979 | O12: 279005 | P12: 692899 | Q12: 77629 | R12: 28503 | S12: 14968 | T12: 8618 | U12: 1117 | V12: 385 | W12: 30007
A13: 2010-2014 | B13: 3542.7148 | C13: 4194.0846 | D13: 1393.8159 | E13: 372.67862 | F13: 395.25868 | G13: 121.83617 | H13: 50.35172 | I13: 6.9628938 | J13: 50.562161 | K13: 5775.4184 | L13: 2376.2594 | M13: 580001 | N13: 183524 | O13: 350852 | P13: 391169 | Q13: 104057 | R13: 27733 | S13: 15672 | T13: 8302 | U13: 1446 | V13: 331 | W13: 22090
A14: 2015-2019 | B14: 5974.0302 | C14: 1436.5009 | D14: 3485.7433 | E14: 196.74729 | F14: 965.83358 | G14: 63.182851 | H14: 112.11638 | I14: 3.0173822 | J14: 86.935325 | K14: 5185.3752 | L14: 4753.3786 | M14: 473512 | N14: 292363 | O14: 508735 | P14: 131848 | Q14: 204384 | R14: 14713 | S14: 25794 | T14: 3587 | U14: 2783 | V14: 122 | W14: 30667
A15: 2020-2024 | B15: 5200.4922 | C15: 51.534398 | D15: 2924.1441 | E15: 20.22758 | F15: 875.43523 | G15: 7.2004714 | H15: 39.731859 | I15: 0.04562069 | J15: 57.763744 | K15: 3209.435 | L15: 3420.3477 | M15: 255793 | N15: 185286 | O15: 419360 | P15: 6361 | Q15: 151866 | R15: 2235 | S15: 25107 | T15: 424 | U15: 1286 | V15: 3 | W15: 30150
M17: (*) if a vehicle is in the fleet for part of the year then that fraction is included in the calculation above, ie a truck in the fleet all year plus another for 3 months = 1.25 fleet years
B19: Travel (million vkm) | K19: Travel per vehicle
A20: YoM | B20: Light fleet New | C20: Light fleet used import | D20: Trucks | E20: Buses | F20: Motorcycles | G20: Truck | H20: Bus | I20: Truck vehicle share | J20: Bus vehicle share | K20: Travel per new light passenger | L20: Travel per used light passenger | M20: Travel per new light commercial | N20: Travel per used light commercial | O20: Travel per light petrol vehicle | P20: Travel per light diesel vehicle | Q20: Travel per New truck | R20: Travel per used import truck | S20: Travel per New bus | T20: Travel per used import bus | U20: Travel per motorcycle
A21: 1968<= | B21: =B4+D4 -> 72.198966 | C21: =C4+E4 -> 62.831094 | D21: =F4+G4 -> 2.8031791 | E21: =H4+I4 -> 0.28325714 | F21: =J4 -> 10.819607
A22: 1969-1974 | B22: =B5+D5 -> 70.131965 | C22: =C5+E5 -> 19.94792 | D22: =F5+G5 -> 3.1555321 | E22: =H5+I5 -> 0.45468779 | F22: =J5 -> 5.8103235
A23: 1975-1979 | B23: =B6+D6 -> 29.636692 | C23: =C6+E6 -> 11.243994 | D23: =F6+G6 -> 1.3535156 | E23: =H6+I6 -> 0.9729313 | F23: =J6 -> 4.7093167
A24: 1980-1984 | B24: =B7+D7 -> 54.842193 | C24: =C7+E7 -> 19.531016 | D24: =F7+G7 -> 8.8448563 | E24: =H7+I7 -> 1.4980866 | F24: =J7 -> 6.8372233 | G24: =D24/SUM(D$24:D$32) -> 0.0027387443 | H24: =E24/SUM(E$24:E$32) -> 0.0051445593 | I24: =(S7+T7)/SUM(S$7:T$15) -> 0.025712503 | J24: =(U7+V7)/SUM(U$7:V$15) -> 0.029164825 | K24: =B7/O7*1000000 -> 2717.1563 | L24: =C7/P7*1000000 -> 2233.4541 | M24: =D7/Q7*1000000 -> 3765.677 | N24: =E7/R7*1000000 -> 4705.2273 | O24: =K7/M7*1000000 -> 2986.4988 | P24: =L7/N7*1000000 -> 3026.7083 | Q24: =F7/S7*1000000 -> 1992.1387 | R24: =G7/T7*1000000 -> 2050.283 | S24: =H7/U7*1000000 -> 5425.6645 | T24: =I7/V7*1000000 -> 2693.116 | U24: =J7/W7*1000000 -> 1347.7673
A25: 1985-1989 | B25: =B8+D8 -> 80.124176 | C25: =C8+E8 -> 71.111578 | D25: =F8+G8 -> 30.362221 | E25: =H8+I8 -> 3.8287127 | F25: =J8 -> 12.701708 | G25: =D25/SUM(D$24:D$32) -> 0.0094014371 | H25: =E25/SUM(E$24:E$32) -> 0.013148131 | I25: =(S8+T8)/SUM(S$7:T$15) -> 0.063625177 | J25: =(U8+V8)/SUM(U$7:V$15) -> 0.059213433 | K25: =B8/O8*1000000 -> 3020.4343 | L25: =C8/P8*1000000 -> 2646.7281 | M25: =D8/Q8*1000000 -> 3684.1521 | N25: =E8/R8*1000000 -> 3788.8832 | O25: =K8/M8*1000000 -> 3032.7813 | P25: =L8/N8*1000000 -> 3368.0194 | Q25: =F8/S8*1000000 -> 2888.8469 | R25: =G8/T8*1000000 -> 2694.6473 | S25: =H8/U8*1000000 -> 6201.5748 | T25: =I8/V8*1000000 -> 5456.5008 | U25: =J8/W8*1000000 -> 1645.0858
A26: 1990-1994 | B26: =B9+D9 -> 225.61298 | C26: =C9+E9 -> 350.2665 | D26: =F9+G9 -> 79.956423 | E26: =H9+I9 -> 7.4322834 | F26: =J9 -> 10.012504 | G26: =D26/SUM(D$24:D$32) -> 0.024757915 | H26: =E26/SUM(E$24:E$32) -> 0.025523106 | I26: =(S9+T9)/SUM(S$7:T$15) -> 0.10496696 | J26: =(U9+V9)/SUM(U$7:V$15) -> 0.081484755 | K26: =B9/O9*1000000 -> 4388.7394 | L26: =C9/P9*1000000 -> 4195.1747 | M26: =D9/Q9*1000000 -> 4572.2866 | N26: =E9/R9*1000000 -> 4644.3927 | O26: =K9/M9*1000000 -> 4163.4635 | P26: =L9/N9*1000000 -> 4743.0711 | Q26: =F9/S9*1000000 -> 4487.8338 | R26: =G9/T9*1000000 -> 4421.6809 | S26: =H9/U9*1000000 -> 10618.915 | T26: =I9/V9*1000000 -> 7444.8151 | U26: =J9/W9*1000000 -> 1743.7311
A27: 1995-1999 | B27: =B10+D10 -> 491.5064 | C27: =C10+E10 -> 1210.1214 | D27: =F10+G10 -> 133.76813 | E27: =H10+I10 -> 9.6491446 | F27: =J10 -> 16.493396 | G27: =D27/SUM(D$24:D$32) -> 0.041420311 | H27: =E27/SUM(E$24:E$32) -> 0.033135999 | I27: =(S10+T10)/SUM(S$7:T$15) -> 0.11618156 | J27: =(U10+V10)/SUM(U$7:V$15) -> 0.083075563 | K27: =B10/O10*1000000 -> 5641.2672 | L27: =C10/P10*1000000 -> 6247.2513 | M27: =D10/Q10*1000000 -> 5719.8452 | N27: =E10/R10*1000000 -> 6111.6711 | O27: =K10/M10*1000000 -> 5842.5058 | P27: =L10/N10*1000000 -> 6699.1803 | Q27: =F10/S10*1000000 -> 6952.9791 | R27: =G10/T10*1000000 -> 6586.3364 | S27: =H10/U10*1000000 -> 11403.908 | T27: =I10/V10*1000000 -> 9384.0421 | U27: =J10/W10*1000000 -> 1779.7988
A28: 2000-2004 | B28: =B11+D11 -> 1519.1528 | C28: =C11+E11 -> 2178.5083 | D28: =F11+G11 -> 186.5547 | E28: =H11+I11 -> 19.92972 | F28: =J11 -> 28.465594 | G28: =D28/SUM(D$24:D$32) -> 0.057765284 | H28: =E28/SUM(E$24:E$32) -> 0.068440388 | I28: =(S11+T11)/SUM(S$7:T$15) -> 0.091915345 | J28: =(U11+V11)/SUM(U$7:V$15) -> 0.086610694 | K28: =B11/O11*1000000 -> 6933.0447 | L28: =C11/P11*1000000 -> 8040.0332 | M28: =D11/Q11*1000000 -> 7056.3562 | N28: =E11/R11*1000000 -> 8196.5537 | O28: =K11/M11*1000000 -> 7575.6905 | P28: =L11/N11*1000000 -> 7423.0841 | Q28: =F11/S11*1000000 -> 12457.222 | R28: =G11/T11*1000000 -> 8108.9656 | S28: =H11/U11*1000000 -> 21581.976 | T28: =I11/V11*1000000 -> 12334.885 | U28: =J11/W11*1000000 -> 1779.322
A29: 2005-2009 | B29: =B12+D12 -> 3136.0516 | C29: =C12+E12 -> 7089.6937 | D29: =F12+G12 -> 361.29644 | E29: =H12+I12 -> 36.634437 | F29: =J12 -> 57.697983 | G29: =D29/SUM(D$24:D$32) -> 0.11187277 | H29: =E29/SUM(E$24:E$32) -> 0.12580583 | I29: =(S12+T12)/SUM(S$7:T$15) -> 0.13754935 | J29: =(U12+V12)/SUM(U$7:V$15) -> 0.13274414 | K29: =B12/O12*1000000 -> 8461.8622 | L29: =C12/P12*1000000 -> 9755.5935 | M29: =D12/Q12*1000000 -> 9985.3113 | N29: =E12/R12*1000000 -> 11579.578 | O29: =K12/M12*1000000 -> 9366.5672 | P29: =L12/N12*1000000 -> 10290.752 | Q29: =F12/S12*1000000 -> 17188.223 | R29: =G12/T12*1000000 -> 12070.447 | S29: =H12/U12*1000000 -> 27238.106 | T29: =I12/V12*1000000 -> 16128.5 | U29: =J12/W12*1000000 -> 1922.8174
A30: 2010-2014 | B30: =B13+D13 -> 4936.5307 | C30: =C13+E13 -> 4566.7632 | D30: =F13+G13 -> 517.09485 | E30: =H13+I13 -> 57.314614 | F30: =J13 -> 50.562161 | G30: =D30/SUM(D$24:D$32) -> 0.1601146 | H30: =E30/SUM(E$24:E$32) -> 0.19682335 | I30: =(S13+T13)/SUM(S$7:T$15) -> 0.1398121 | J30: =(U13+V13)/SUM(U$7:V$15) -> 0.15704817 | K30: =B13/O13*1000000 -> 10097.462 | L30: =C13/P13*1000000 -> 10721.925 | M30: =D13/Q13*1000000 -> 13394.735 | N30: =E13/R13*1000000 -> 13438.092 | O30: =K13/M13*1000000 -> 9957.6007 | P30: =L13/N13*1000000 -> 12947.949 | Q30: =F13/S13*1000000 -> 25220.692 | R30: =G13/T13*1000000 -> 14675.521 | S30: =H13/U13*1000000 -> 34821.383 | T30: =I13/V13*1000000 -> 21035.933 | U30: =J13/W13*1000000 -> 2288.9163
A31: 2015-2019 | B31: =B14+D14 -> 9459.7735 | C31: =C14+E14 -> 1633.2482 | D31: =F14+G14 -> 1029.0164 | E31: =H14+I14 -> 115.13376 | F31: =J14 -> 86.935325 | G31: =D31/SUM(D$24:D$32) -> 0.31862733 | H31: =E31/SUM(E$24:E$32) -> 0.39537932 | I31: =(S14+T14)/SUM(S$7:T$15) -> 0.17134476 | J31: =(U14+V14)/SUM(U$7:V$15) -> 0.25673884 | K31: =B14/O14*1000000 -> 11742.912 | L31: =C14/P14*1000000 -> 10895.129 | M31: =D14/Q14*1000000 -> 17054.874 | N31: =E14/R14*1000000 -> 13372.343 | O31: =K14/M14*1000000 -> 10950.885 | P31: =L14/N14*1000000 -> 16258.482 | Q31: =F14/S14*1000000 -> 37444.118 | R31: =G14/T14*1000000 -> 17614.4 | S31: =H14/U14*1000000 -> 40286.158 | T31: =I14/V14*1000000 -> 24732.641 | U31: =J14/W14*1000000 -> 2834.8167
A32: 2020-2024 | B32: =B15+D15 -> 8124.6363 | C32: =C15+E15 -> 71.761978 | D32: =F15+G15 -> 882.63571 | E32: =H15+I15 -> 39.77748 | F32: =J15 -> 57.763744 | G32: =D32/SUM(D$24:D$32) -> 0.27330162 | H32: =E32/SUM(E$24:E$32) -> 0.13659931 | I32: =(S15+T15)/SUM(S$7:T$15) -> 0.14889225 | J32: =(U15+V15)/SUM(U$7:V$15) -> 0.11391958 | K32: =B15/O15*1000000 -> 12401.021 | L32: =C15/P15*1000000 -> 8101.6189 | M32: =D15/Q15*1000000 -> 19254.765 | N32: =E15/R15*1000000 -> 9050.3714 | O32: =K15/M15*1000000 -> 12547.001 | P32: =L15/N15*1000000 -> 18459.828 | Q32: =F15/S15*1000000 -> 34868.174 | R32: =G15/T15*1000000 -> 16982.244 | S32: =H15/U15*1000000 -> 30895.691 | T32: =I15/V15*1000000 -> 15206.897 | U32: =J15/W15*1000000 -> 1915.8788

Sheet 3.5
B1: Average light passenger/commercial travel by YoM | K1: Back to Contents
A2: Year of manufacture | B2: Light passenger | C2: Light commercial | D2: Light fleet
A3: Upto 1968 | B3: 2532.1997 | C3: 3161.6055 | D3: 2615.1891
A4: 1969-74 | B4: 2629.8959 | C4: 3681.5022 | D4: 2759.2932
A5: 1975-1979 | B5: 1284.6642 | C5: 3737.494 | D5: 1867.8921
A6: 1980 | B6: 2794.2786 | C6: 4139.3254 | D6: 3163.1981
A7: 1981 | B7: 2728.8199 | C7: 4659.7684 | D7: 3291.995
A8: 1982 | B8: 2530.3582 | C8: 4075.3229 | D8: 3048.0292
A9: 1983 | B9: 2316.8828 | C9: 3417.6927 | D9: 2695.7284
A10: 1984 | B10: 2368.9434 | C10: 3614.0859 | D10: 2811.5568
A11: 1985 | B11: 2421.14 | C11: 3396.1879 | D11: 2770.0759
A12: 1986 | B12: 2488.8597 | C12: 3630.1879 | D12: 2836.7244
A13: 1987 | B13: 2730.294 | C13: 3450.9743 | D13: 2930.8879
A14: 1988 | B14: 2872.0153 | C14: 3775.0093 | D14: 3152.498
A15: 1989 | B15: 3166.2781 | C15: 4069.9371 | D15: 3429.2337
A16: 1990 | B16: 3510.9219 | C16: 4225.2541 | D16: 3718.3239
A17: 1991 | B17: 3868.0781 | C17: 4350.7387 | D17: 3988.6063
... A49: 2023 | B49: 8951.7423 | C49: 15326.601 | D49: 10335.267
A51: Note: Distance travelled measures are based on odometer readings taken during inspections. Average travel for the 2023 YoM vehicles is far lower as the vehicles are only in the fleet for part of the year.

Sheet 3.6
B1: Light fleet travel (million VKT) | I1: Back to Contents | M1: Vehicles | P1: Light fleet VKT
A2: Year | B2: LPV < 1350 | C2: LPV < 1600 | D2: LPV < 2000 | E2: LPV < 3000 | F2: LPV 3000+ | G2: LCV < 1350 | H2: LCV < 1600 | I2: LCV < 2000 | J2: LCV < 3000 | K2: LCV 3000+ | M2: Vehicles < 2000cc | N2: Vehicles >= 2000cc | P2: Light < 1350 | Q2: Light < 1600 | R2: Light < 2000 | S2: Light < 3000 | T2: Light 3000+ | V2: Engines < 2000cc | W2: Engines >= 2000cc | X2: % 2000+ cc | Y2: Vehicles 2000+ cc
A3: 2001 | B3: 3116.551 | C3: 6166.8065 | D3: 10220.749 | E3: 5875.3459 | F3: 3418.4434 | G3: 129.24649 | H3: 198.23512 | I3: 931.73829 | J3: 3463.7661 | K3: 456.09512 | M3: 1743858 | N3: 931530 | P3: =B3+G3 -> 3245.7975 | Q3: =C3+H3 -> 6365.0416 | R3: =D3+I3 -> 11152.488 | S3: =E3+J3 -> 9339.112 | T3: =F3+K3 -> 3874.5386 | V3: =SUM(P3:R3) -> 20763.327 | W3: =SUM(S3:T3) -> 13213.651 | X3: =W3/(V3+W3) -> 0.38890012 | Y3: =N3/(M3+N3) -> 0.34818501
A4: 2002 | B4: 2907.5803 | C4: 6279.3874 | D4: 10644.539 | E4: 6280.416 | F4: 3682.3494 | G4: 116.82793 | H4: 172.48244 | I4: 874.47955 | J4: 3627.1234 | K4: 485.66844 | M4: 1772969 | N4: 1001004 | P4: =B4+G4 -> 3024.4082 | Q4: =C4+H4 -> 6451.8698 | R4: =D4+I4 -> 11519.018 | S4: =E4+J4 -> 9907.5394 | T4: =F4+K4 -> 4168.0178 | V4: =SUM(P4:R4) -> 20995.296 | W4: =SUM(S4:T4) -> 14075.557 | X4: =W4/(V4+W4) -> 0.4013463 | Y4: =N4/(M4+N4) -> 0.36085571
A5: 2003 | B5: 2749.9462 | C5: 6287.0989 | D5: 10933.066 | E5: 6770.3853 | F5: 4005.4441 | G5: 104.48354 | H5: 156.10171 | I5: 812.16813 | J5: 3814.9584 | K5: 504.71482 | M5: 1810094 | N5: 1087551 | P5: =B5+G5 -> 2854.4298 | Q5: =C5+H5 -> 6443.2006 | R5: =D5+I5 -> 11745.234 | S5: =E5+J5 -> 10585.344 | T5: =F5+K5 -> 4510.1589 | V5: =SUM(P5:R5) -> 21042.864 | W5: =SUM(S5:T5) -> 15095.503 | X5: =W5/(V5+W5) -> 0.41771402 | Y5: =N5/(M5+N5) -> 0.37532237
A6: 2004 | B6: 2582.9569 | C6: 6212.5594 | D6: 11077.183 | E6: 7297.1997 | F6: 4370.6875 | G6: 91.386273 | H6: 135.01796 | I6: 741.54636 | J6: 4044.2609 | K6: 544.9004 | M6: 1838402 | N6: 1181733 | P6: =B6+G6 -> 2674.3432 | Q6: =C6+H6 -> 6347.5774 | R6: =D6+I6 -> 11818.73 | S6: =E6+J6 -> 11341.461 | T6: =F6+K6 -> 4915.5879 | V6: =SUM(P6:R6) -> 20840.65 | W6: =SUM(S6:T6) -> 16257.049 | X6: =W6/(V6+W6) -> 0.43822256 | Y6: =N6/(M6+N6) -> 0.39128483
A7: 2005 | B7: 2425.2043 | C7: 6039.5084 | D7: 11028.043 | E7: 7608.0461 | F7: 4621.2303 | G7: 81.92306 | H7: 120.47594 | I7: 669.36123 | J7: 4211.8276 | K7: 576.3683 | M7: 1868618 | N7: 1267415 | P7: =B7+G7 -> 2507.1273 | Q7: =C7+H7 -> 6159.9844 | R7: =D7+I7 -> 11697.404 | S7: =E7+J7 -> 11819.874 | T7: =F7+K7 -> 5197.5986 | V7: =SUM(P7:R7) -> 20364.516 | W7: =SUM(S7:T7) -> 17017.472 | X7: =W7/(V7+W7) -> 0.45523187 | Y7: =N7/(M7+N7) -> 0.40414594
A8: 2006 | B8: 2305.4691 | C8: 5864.6201 | D8: 10881.293 | E8: 7757.3373 | F8: 4722.3763 | G8: 72.964411 | H8: 105.95036 | I8: 605.00355 | J8: 4367.5729 | K8: 602.96896 | M8: 1879298 | N8: 1329941 | P8: =B8+G8 -> 2378.4335 | Q8: =C8+H8 -> 5970.5705 | R8: =D8+I8 -> 11486.297 | S8: =E8+J8 -> 12124.91 | T8: =F8+K8 -> 5325.3453 | V8: =SUM(P8:R8) -> 19835.3 | W8: =SUM(S8:T8) -> 17450.255 | X8: =W8/(V8+W8) -> 0.4680165 | Y8: =N8/(M8+N8) -> 0.41441008
A9: 2007 | B9: 2260.3778 | C9: 5769.1081 | D9: 10904.074 | E9: 8059.1111 | F9: 4898.7688 | G9: 64.097981 | H9: 94.283874 | I9: 565.2149 | J9: 4569.9052 | K9: 638.72645 | M9: 1884313 | N9: 1390399 | P9: =B9+G9 -> 2324.4757 | Q9: =C9+H9 -> 5863.392 | R9: =D9+I9 -> 11469.289 | S9: =E9+J9 -> 12629.016 | T9: =F9+K9 -> 5537.4953 | V9: =SUM(P9:R9) -> 19657.157 | W9: =SUM(S9:T9) -> 18166.512 | X9: =W9/(V9+W9) -> 0.48029481 | Y9: =N9/(M9+N9) -> 0.42458665
A10: 2008 | B10: 2221.7046 | C10: 5615.7697 | D10: 10546.327 | E10: 7975.9542 | F10: 4837.4929 | G10: 58.423108 | H10: 85.934483 | I10: 530.40102 | J10: 4690.8096 | K10: 656.30368 | M10: 1872673 | N10: 1426497 | P10: =B10+G10 -> 2280.1277 | Q10: =C10+H10 -> 5701.7042 | R10: =D10+I10 -> 11076.728 | S10: =E10+J10 -> 12666.764 | T10: =F10+K10 -> 5493.7966 | V10: =SUM(P10:R10) -> 19058.56 | W10: =SUM(S10:T10) -> 18160.56 | X10: =W10/(V10+W10) -> 0.48793631 | Y10: =N10/(M10+N10) -> 0.43238057
A11: 2009 | B11: 2210.1566 | C11: 5617.8833 | D11: 10491.46 | E11: 8082.2485 | F11: 4883.0696 | G11: 52.656409 | H11: 79.409466 | I11: 504.24718 | J11: 4718.4399 | K11: 661.19642 | M11: 1839822 | N11: 1432233 | P11: =B11+G11 -> 2262.813 | Q11: =C11+H11 -> 5697.2928 | R11: =D11+I11 -> 10995.707 | S11: =E11+J11 -> 12800.688 | T11: =F11+K11 -> 5544.266 | V11: =SUM(P11:R11) -> 18955.813 | W11: =SUM(S11:T11) -> 18344.954 | X11: =W11/(V11+W11) -> 0.49181171 | Y11: =N11/(M11+N11) -> 0.43771666
A12: 2010 | B12: 2222.1032 | C12: 5666.9062 | D12: 10415.854 | E12: 8111.0533 | F12: 4802.2363 | G12: 47.51516 | H12: 74.549361 | I12: 489.71089 | J12: 4791.7853 | K12: 648.95335 | M12: 1838726 | N12: 1456753 | P12: =B12+G12 -> 2269.6183 | Q12: =C12+H12 -> 5741.4555 | R12: =D12+I12 -> 10905.565 | S12: =E12+J12 -> 12902.839 | T12: =F12+K12 -> 5451.1896 | V12: =SUM(P12:R12) -> 18916.638 | W12: =SUM(S12:T12) -> 18354.028 | X12: =W12/(V12+W12) -> 0.49245237 | Y12: =N12/(M12+N12) -> 0.44204591
A13: 2011 | B13: 2231.9631 | C13: 5653.0618 | D13: 10174.105 | E13: 8057.7826 | F13: 4619.786 | G13: 43.293487 | H13: 70.4328 | I13: 479.95808 | J13: 4858.0789 | K13: 625.31585 | M13: 1837802 | N13: 1481252 | P13: =B13+G13 -> 2275.2566 | Q13: =C13+H13 -> 5723.4946 | R13: =D13+I13 -> 10654.063 | S13: =E13+J13 -> 12915.862 | T13: =F13+K13 -> 5245.1019 | V13: =SUM(P13:R13) -> 18652.814 | W13: =SUM(S13:T13) -> 18160.963 | X13: =W13/(V13+W13) -> 0.49331974 | Y13: =N13/(M13+N13) -> 0.44628741
A14: 2012 | B14: 2282.6112 | C14: 5684.9386 | D14: 10045.11 | E14: 8169.3768 | F14: 4523.3384 | G14: 42.381475 | H14: 67.996942 | I14: 500.92736 | J14: 4899.7802 | K14: 671.2758 | M14: 1837088 | N14: 1495956 | P14: =B14+G14 -> 2324.9927 | Q14: =C14+H14 -> 5752.9355 | R14: =D14+I14 -> 10546.037 | S14: =E14+J14 -> 13069.157 | T14: =F14+K14 -> 5194.6142 | V14: =SUM(P14:R14) -> 18623.966 | W14: =SUM(S14:T14) -> 18263.771 | X14: =W14/(V14+W14) -> 0.49511769 | Y14: =N14/(M14+N14) -> 0.44882576
... A25: 2023 | B25: 3095.411 | C25: 7130.7979 | D25: 11063.772 | E25: 9746.2317 | F25: 3181.0042 | G25: 33.847784 | H25: 101.513 | I25: 1426.5388 | J25: 7083.6846 | K25: 1836.6869 | M25: 2407194 | N25: 1992829 | P25: =B25+G25 -> 3129.2588 | Q25: =C25+H25 -> 7232.3109 | R25: =D25+I25 -> 12490.311 | S25: =E25+J25 -> 16829.916 | T25: =F25+K25 -> 5017.6911 | V25: =SUM(P25:R25) -> 22851.88 | W25: =SUM(S25:T25) -> 21847.607 | X25: =W25/(V25+W25) -> 0.48876639 | Y25: =N25/(M25+N25) -> 0.45291331
M27: (*) Vehicles that were in the fleet at some point in the year, this is different to vehicles in the fleet at the end of the year

Sheet 4.1, 4.2
A1: Average light fleet engine sizes (cc) | J1: Number of light vehicles by engine size
A2: Period | B2: Light petrol fleet | C2: Used petrol light fleet | D2: New petrol light fleet | E2: Light diesel fleet | F2: Used diesel light fleet | G2: New diesel light fleet | H2: Light fleet average | J2: < 1350cc | K2: 1350-1599cc | L2: 1600-1999cc | M2: 2000-2999cc | N2: 3000-3999cc | O2: > 4000cc
A3: 36861 | B3: 2031.7301 | C3: 1914.466 | D3: 2097.4605 | E3: 2566.6111 | F3: 2516.2618 | G3: 2656.4074 | H3: 2094.4623 | J3: 336560 | K3: 504178 | L3: 804910 | M3: 591764 | N3: 177245 | O3: 102312
A4: 37226 | B4: 2052.9438 | C4: 1926.5894 | D4: 2132.2365 | E4: 2587.5287 | F4: 2538.7975 | G4: 2669.9381 | H4: 2118.2203 | J4: 314524 | K4: 518514 | L4: 834317 | M4: 625857 | N4: 189079 | O4: 103403
A5: 37591 | B5: 2076.1171 | C5: 1939.2857 | D5: 2170.7303 | E5: 2616.0497 | F5: 2574.2439 | G5: 2684.4609 | H5: 2145.1478 | J5: 297207 | K5: 529196 | L5: 863072 | M5: 670582 | N5: 204068 | O5: 106760
A6: 37956 | B6: 2101.7785 | C6: 1952.5772 | D6: 2214.7087 | E6: 2649.8955 | F6: 2621.2009 | G6: 2696.6982 | H6: 2175.446 | J6: 285473 | K6: 538666 | L6: 896361 | M6: 726727 | N6: 224742 | O6: 112777
A7: 38322 | B7: 2128.7798 | C7: 1969.4033 | D7: 2258.6975 | E7: 2679.0185 | F7: 2661.3298 | G7: 2707.0973 | H7: 2205.8963 | J7: 275445 | K7: 543482 | L7: 922385 | M7: 785961 | N7: 248565 | O7: 118905
A8: 38687 | B8: 2149.7399 | C8: 1981.7476 | D8: 2295.1328 | E8: 2703.5746 | F8: 2697.676 | G8: 2712.4104 | H8: 2230.388 | J8: 267938 | K8: 547516 | L8: 948556 | M8: 840973 | N8: 269439 | O8: 123976
A9: 39052 | B9: 2165.8442 | C9: 1988.7696 | D9: 2324.5737 | E9: 2719.1871 | F9: 2725.5252 | G9: 2710.5551 | H9: 2248.4516 | J9: 264155 | K9: 547444 | L9: 960500 | M9: 879568 | N9: 284667 | O9: 127558
A10: 39417 | B10: 2182.5024 | C10: 1999.4637 | D10: 2351.4821 | E10: 2734.7795 | F10: 2750.823 | G10: 2715.3512 | H10: 2266.924 | J10: 261873 | K10: 545632 | L10: 966580 | M10: 917891 | N10: 299208 | O10: 132381
A11: 39783 | B11: 2194.3981 | C11: 2008.3162 | D11: 2367.9235 | E11: 2741.9013 | F11: 2771.192 | G11: 2711.0606 | H11: 2279.5978 | J11: 259363 | K11: 544588 | L11: 959848 | M11: 937446 | N11: 307824 | O11: 135735
A12: 40148 | B12: 2201.0051 | C12: 2010.9221 | D12: 2379.2672 | E12: 2742.9769 | F12: 2786.6341 | G12: 2702.0756 | H12: 2286.295 | J12: 257672 | K12: 541857 | L12: 946796 | M12: 943417 | N12: 310793 | O12: 136411
A13: 40513 | B13: 2205.8903 | C13: 2014.5729 | D13: 2387.9948 | E13: 2743.5446 | F13: 2802.4129 | G13: 2695.1257 | H13: 2291.0431 | J13: 258645 | K13: 544236 | L13: 945464 | M13: 961579 | N13: 313888 | O13: 137825
A14: 40878 | B14: 2210.4006 | C14: 2019.6332 | D14: 2392.2923 | E14: 2744.0137 | F14: 2821.1815 | G14: 2689.2398 | H14: 2296.0808 | J14: 259855 | K14: 541776 | L14: 931650 | M14: 972119 | N14: 314502 | O14: 138962
... A26: 45261 | B26: 2149.9302 | C26: 2045.3608 | D26: 2250.5831 | E26: 2690.0625 | F26: 2867.6302 | G26: 2655.7708 | H26: 2267.2713 | J26: 381799 | K26: 747051 | L26: 1162971 | M26: 1371341 | N26: 372877 | O26: 171448

Sheet 4.3a,b
B1: Light average annual kilometres travelled by engine size and YoM | J1: Back to Contents
B2: Light Passenger Vehicles | G2: Light Commercial Vehicles
A3: YoM | B3: < 1350cc | C3: 1350-1599cc | D3: 1600-1999cc | E3: 2000-2999cc | F3: > 3000cc | G3: < 1350cc | H3: 1350-1599cc | I3: 1600-1999cc | J3: 2000-2999cc | K3: > 3000cc
A4: Upto 1968 | B4: 1751.3894 | C4: 2163.2093 | D4: 1871.0189 | E4: 2092.0227 | F4: 3195.1072 | G4: 4346.0934 | H4: 1990.2467 | I4: 2464.4399 | J4: 2081.9055 | K4: 3738.6803
A5: 1969-74 | B5: 1931.0563 | C5: 2687.1415 | D5: 1981.5248 | E5: 1869.5031 | F5: 3212.1178 | G5: 3807.1984 | H5: 2929.928 | I5: 3376.2074 | J5: 2112.5781 | K5: 4723.8719
A6: 1975-1979 | B6: 1570.5286 | C6: 931.01507 | D6: 616.46116 | E6: 827.38461 | F6: 1527.3706 | G6: 549.85717 | H6: 635.41648 | I6: 3055.8354 | J6: 1185.5454 | K6: 5443.4167
A7: 1980 | B7: 3780.2621 | C7: 2246.6146 | D7: 2723.6842 | E7: 1823.2048 | F7: 1819.8709 | G7: 4780.5006 | H7: 5942.4465 | I7: 7141.198 | J7: 4652.7504 | K7: 3030.022
A8: 1981 | B8: 3725.1917 | C8: 2656.4075 | D8: 2750.5433 | E8: 2094.029 | F8: 1758.0573 | G8: 9528.6874 | H8: 5562.1747 | I8: 5839.8519 | J8: 4551.7839 | K8: 3235.571
A9: 1982 | B9: 3691.4314 | C9: 3215.1157 | D9: 2394.5584 | E9: 2215.4121 | F9: 1451.5415 | G9: 7342.3097 | H9: 5182.1755 | I9: 3483.6518 | J9: 3626.5958 | K9: 3658.0663
A10: 1983 | B10: 3472.0477 | C10: 2039.0974 | D10: 2070.3744 | E10: 2369.1936 | F10: 1530.4145 | G10: 4751.0781 | H10: 3266.5801 | I10: 2823.5013 | J10: 3033.0382 | K10: 3689.3678
A11: 1984 | B11: 3390.2356 | C11: 2673.9297 | D11: 2176.2532 | E11: 2149.621 | F11: 1812.1452 | G11: 3152.5741 | H11: 3159.6108 | I11: 3276.1416 | J11: 3389.9152 | K11: 4180.2737
A12: 1985 | B12: 3547.2389 | C12: 2699.495 | D12: 2590.3793 | E12: 2267.5174 | F12: 1649.5385 | G12: 4524.2214 | H12: 3064.7441 | I12: 3713.1981 | J12: 2846.7182 | K12: 3648.5668
A13: 1986 | B13: 3941.8737 | C13: 3063.8598 | D13: 2157.691 | E13: 2117.7055 | F13: 2011.5898 | G13: 6539.7825 | H13: 3200.3081 | I13: 3628.5924 | J13: 3504.3061 | K13: 3211.23
A14: 1987 | B14: 3369.1985 | C14: 3096.5732 | D14: 2622.1787 | E14: 2716.703 | F14: 2410.1265 | G14: 5105.6271 | H14: 3398.0457 | I14: 3206.6226 | J14: 3463.0546 | K14: 3165.6058
A15: 1988 | B15: 3703.9 | C15: 3319.4086 | D15: 2660.4447 | E15: 2755.8094 | F15: 2506.2597 | G15: 4529.1062 | H15: 3440.3433 | I15: 3634.7352 | J15: 3775.8159 | K15: 3860.1544
A16: 1989 | B16: 4517.3366 | C16: 3790.684 | D16: 2885 | E16: 3038.4489 | F16: 2509.6665 | G16: 9429.1479 | H16: 2968.7034 | I16: 3751.7513 | J16: 4084.2369 | K16: 4240.8725
A17: 1990 | B17: 4271.6411 | C17: 4205.3891 | D17: 3309.797 | E17: 3186.0004 | F17: 3164.6105 | G17: 3335.552 | H17: 3171.648 | I17: 4092.7072 | J17: 4401.5842 | K17: 3730.1858
A18: 1991 | B18: 4500.1541 | C18: 4768.8612 | D18: 3575.67 | E18: 3410.3402 | F18: 3511.0608 | G18: 3478.5472 | H18: 3756.0411 | I18: 4187.492 | J18: 4506.5608 | K18: 3878.4305
... A50: 2023 | B50: 7673.1304 | C50: 8106.1454 | D50: 8564.8445 | E50: 10983.538 | F50: 12048.976 | G50: 5551.2225 | H50: 10088.859 | I50: 14240.921 | J50: 16086.24 | K50: 13510.115
A52: Note: Average annual travel for the 2023 YoM vehicles is far lower as the vehicles are only in the fleet for part of the year.

Sheet 4.4
B1: Composition of the motorcycle/moped fleet | K1: Back to Contents | P1: Total vehicles
A2: Year | B2: New <= 60 | C2: Used import <= 60 | D2: New <= 125 | E2: Used import <= 125 | F2: New <= 250 | G2: Used import <= 250 | H2: New <= 600 | I2: Used import <= 600 | J2: New <= 1000 | K2: Used import <= 1000 | L2: New > 1000 | M2: Used import > 1000 | N2: Average engine capacity | P2: upto 60cc | Q2: 61-125cc | R2: 126-600 cc | S2: 601cc +
A3: 2000 | B3: 8090 | C3: 3911 | D3: 4568 | E3: 771 | F3: 8728 | G3: 4377 | H3: 10313 | I3: 5053 | J3: 13989 | K3: 9234 | L3: 7356 | M3: 2135 | N3: 535 | P3: =SUM(B3:C3) -> 12001 | Q3: =SUM(D3:E3) -> 5339 | R3: =SUM(F3:I3) -> 28471 | S3: =SUM(J3:M3) -> 32714
A4: 2001 | B4: 7898 | C4: 4048 | D4: 4271 | E4: 715 | F4: 8884 | G4: 4369 | H4: 10178 | I4: 4960 | J4: 14402 | K4: 9281 | L4: 7897 | M4: 2202 | N4: 544 | P4: =SUM(B4:C4) -> 11946 | Q4: =SUM(D4:E4) -> 4986 | R4: =SUM(F4:I4) -> 28391 | S4: =SUM(J4:M4) -> 33782
A5: 2002 | B5: 7956 | C5: 4309 | D5: 4116 | E5: 670 | F5: 8910 | G5: 4411 | H5: 10092 | I5: 4966 | J5: 14931 | K5: 9425 | L5: 8528 | M5: 2318 | N5: 553 | P5: =SUM(B5:C5) -> 12265 | Q5: =SUM(D5:E5) -> 4786 | R5: =SUM(F5:I5) -> 28379 | S5: =SUM(J5:M5) -> 35202
A6: 2003 | B6: 8392 | C6: 4618 | D6: 4128 | E6: 614 | F6: 8958 | G6: 4448 | H6: 10049 | I6: 4963 | J6: 15720 | K6: 9674 | L6: 9359 | M6: 2569 | N6: 562 | P6: =SUM(B6:C6) -> 13010 | Q6: =SUM(D6:E6) -> 4742 | R6: =SUM(F6:I6) -> 28418 | S6: =SUM(J6:M6) -> 37322
A7: 2004 | B7: 9493 | C7: 4759 | D7: 4126 | E7: 586 | F7: 9696 | G7: 4513 | H7: 10025 | I7: 4978 | J7: 16781 | K7: 10132 | L7: 10268 | M7: 2923 | N7: 569 | P7: =SUM(B7:C7) -> 14252 | Q7: =SUM(D7:E7) -> 4712 | R7: =SUM(F7:I7) -> 29212 | S7: =SUM(J7:M7) -> 40104
A8: 2005 | B8: 12873 | C8: 5021 | D8: 4300 | E8: 571 | F8: 10663 | G8: 4686 | H8: 10178 | I8: 4999 | J8: 18123 | K8: 10710 | L8: 11469 | M8: 3539 | N8: 565 | P8: =SUM(B8:C8) -> 17894 | Q8: =SUM(D8:E8) -> 4871 | R8: =SUM(F8:I8) -> 30526 | S8: =SUM(J8:M8) -> 43841
A9: 2006 | B9: 15753 | C9: 5401 | D9: 4558 | E9: 577 | F9: 12234 | G9: 4992 | H9: 10394 | I9: 5123 | J9: 19999 | K9: 11364 | L9: 13009 | M9: 4321 | N9: 566 | P9: =SUM(B9:C9) -> 21154 | Q9: =SUM(D9:E9) -> 5135 | R9: =SUM(F9:I9) -> 32743 | S9: =SUM(J9:M9) -> 48693
A10: 2007 | B10: 18379 | C10: 5650 | D10: 4900 | E10: 590 | F10: 13900 | G10: 5471 | H10: 10684 | I10: 5182 | J10: 22211 | K10: 12122 | L10: 14976 | M10: 5301 | N10: 574 | P10: =SUM(B10:C10) -> 24029 | Q10: =SUM(D10:E10) -> 5490 | R10: =SUM(F10:I10) -> 35237 | S10: =SUM(J10:M10) -> 54610
A11: 2008 | B11: 22037 | C11: 6230 | D11: 5769 | E11: 579 | F11: 16080 | G11: 5948 | H11: 10981 | I11: 5258 | J11: 24136 | K11: 12963 | L11: 16770 | M11: 6401 | N11: 571 | P11: =SUM(B11:C11) -> 28267 | Q11: =SUM(D11:E11) -> 6348 | R11: =SUM(F11:I11) -> 38267 | S11: =SUM(J11:M11) -> 60270
A12: 2009 | B12: 22412 | C12: 6429 | D12: 5927 | E12: 577 | F12: 16627 | G12: 6013 | H12: 10999 | I12: 5317 | J12: 25360 | K12: 13311 | L12: 18220 | M12: 6822 | N12: 581 | P12: =SUM(B12:C12) -> 28841 | Q12: =SUM(D12:E12) -> 6504 | R12: =SUM(F12:I12) -> 38956 | S12: =SUM(J12:M12) -> 63713
A13: 2010 | B13: 22038 | C13: 6475 | D13: 5925 | E13: 569 | F13: 16724 | G13: 5861 | H13: 10929 | I13: 5234 | J13: 26107 | K13: 13456 | L13: 19311 | M13: 7233 | N13: 594 | P13: =SUM(B13:C13) -> 28513 | Q13: =SUM(D13:E13) -> 6494 | R13: =SUM(F13:I13) -> 38748 | S13: =SUM(J13:M13) -> 66107
A14: 2011 | B14: 21353 | C14: 6422 | D14: 6116 | E14: 580 | F14: 16746 | G14: 5636 | H14: 10814 | I14: 5148 | J14: 26517 | K14: 13440 | L14: 20131 | M14: 7609 | N14: 604 | P14: =SUM(B14:C14) -> 27775 | Q14: =SUM(D14:E14) -> 6696 | R14: =SUM(F14:I14) -> 38344 | S14: =SUM(J14:M14) -> 67697
... A26: 2023 | B26: 19099 | C26: 7330 | D26: 7861 | E26: 639 | F26: 17696 | G26: 4587 | H26: 24102 | I26: 6102 | J26: 44564 | K26: 17441 | L26: 34110 | M26: 16874 | N26: 704 | P26: =SUM(B26:C26) -> 26429 | Q26: =SUM(D26:E26) -> 8500 | R26: =SUM(F26:I26) -> 52487 | S26: =SUM(J26:M26) -> 112989

Sheet 5.1
D1: Petrol and diesel vehicle entry to and exit from the fleet | L1: Back to Contents
B2: Type | C2: Year | D2: Petrol New in | E2: Petrol used in | F2: Diesel New in | G2: Diesel used in | H2: Petrol New out | I2: Petrol used out | J2: Diesel New out | K2: Diesel used out | L2: Total in | M2: Total out | N2: Change
A3: =IF(B3=B2, A2, A2+1) -> 1 | B3: Bus | C3: 2001 | D3: 0 | E3: 4 | F3: 164 | G3: 179 | H3: -21 | I3: 0 | J3: -37 | K3: -12 | L3: =SUM(D3:G3) -> 347 | M3: =-SUM(H3:K3) -> 70 | N3: =SUM(D3:K3) -> 277
A4: =IF(B4=B3, A3, A3+1) -> 1 | B4: Bus | C4: 2002 | D4: 3 | E4: 0 | F4: 153 | G4: 324 | H4: -21 | I4: 0 | J4: -54 | K4: -18 | L4: =SUM(D4:G4) -> 480 | M4: =-SUM(H4:K4) -> 93 | N4: =SUM(D4:K4) -> 387
A5: =IF(B5=B4, A4, A4+1) -> 1 | B5: Bus | C5: 2003 | D5: 0 | E5: 2 | F5: 214 | G5: 254 | H5: -23 | I5: -1 | J5: -62 | K5: -19 | L5: =SUM(D5:G5) -> 470 | M5: =-SUM(H5:K5) -> 105 | N5: =SUM(D5:K5) -> 365
A6: =IF(B6=B5, A5, A5+1) -> 1 | B6: Bus | C6: 2004 | D6: 0 | E6: 2 | F6: 275 | G6: 252 | H6: -15 | I6: 0 | J6: -52 | K6: -38 | L6: =SUM(D6:G6) -> 529 | M6: =-SUM(H6:K6) -> 105 | N6: =SUM(D6:K6) -> 424
A7: =IF(B7=B6, A6, A6+1) -> 1 | B7: Bus | C7: 2005 | D7: 0 | E7: 5 | F7: 206 | G7: 228 | H7: -15 | I7: 0 | J7: -55 | K7: -39 | L7: =SUM(D7:G7) -> 439 | M7: =-SUM(H7:K7) -> 109 | N7: =SUM(D7:K7) -> 330
A8: =IF(B8=B7, A7, A7+1) -> 1 | B8: Bus | C8: 2006 | D8: 2 | E8: 7 | F8: 135 | G8: 213 | H8: -23 | I8: 0 | J8: -54 | K8: -37 | L8: =SUM(D8:G8) -> 357 | M8: =-SUM(H8:K8) -> 114 | N8: =SUM(D8:K8) -> 243
A9: =IF(B9=B8, A8, A8+1) -> 1 | B9: Bus | C9: 2007 | D9: 2 | E9: 6 | F9: 187 | G9: 383 | H9: -21 | I9: -1 | J9: -61 | K9: -58 | L9: =SUM(D9:G9) -> 578 | M9: =-SUM(H9:K9) -> 141 | N9: =SUM(D9:K9) -> 437
A10: =IF(B10=B9, A9, A9+1) -> 1 | B10: Bus | C10: 2008 | D10: 0 | E10: 5 | F10: 268 | G10: 398 | H10: -15 | I10: 0 | J10: -68 | K10: -40 | L10: =SUM(D10:G10) -> 671 | M10: =-SUM(H10:K10) -> 123 | N10: =SUM(D10:K10) -> 548
A11: =IF(B11=B10, A10, A10+1) -> 1 | B11: Bus | C11: 2009 | D11: 0 | E11: 0 | F11: 391 | G11: 46 | H11: -9 | I11: -3 | J11: -81 | K11: -43 | L11: =SUM(D11:G11) -> 437 | M11: =-SUM(H11:K11) -> 136 | N11: =SUM(D11:K11) -> 301
A12: =IF(B12=B11, A11, A11+1) -> 1 | B12: Bus | C12: 2010 | D12: 0 | E12: 1 | F12: 239 | G12: 43 | H12: -21 | I12: 0 | J12: -85 | K12: -62 | L12: =SUM(D12:G12) -> 283 | M12: =-SUM(H12:K12) -> 168 | N12: =SUM(D12:K12) -> 115
A13: =IF(B13=B12, A12, A12+1) -> 1 | B13: Bus | C13: 2011 | D13: 0 | E13: 2 | F13: 308 | G13: 23 | H13: -24 | I13: -1 | J13: -130 | K13: -76 | L13: =SUM(D13:G13) -> 333 | M13: =-SUM(H13:K13) -> 231 | N13: =SUM(D13:K13) -> 102
A14: =IF(B14=B13, A13, A13+1) -> 1 | B14: Bus | C14: 2012 | D14: 0 | E14: 0 | F14: 300 | G14: 59 | H14: -12 | I14: -3 | J14: -164 | K14: -60 | L14: =SUM(D14:G14) -> 359 | M14: =-SUM(H14:K14) -> 239 | N14: =SUM(D14:K14) -> 120
... A23: =IF(B23=B22, A22, A22+1) -> 1 | B23: Bus | C23: 2021 | D23: 1 | E23: 0 | F23: 284 | G23: 28 | H23: -6 | I23: 0 | J23: -95 | K23: -113 | L23: =SUM(D23:G23) -> 313 | M23: =-SUM(H23:K23) -> 214 | N23: =SUM(D23:K23) -> 99
B24: Bus | C24: 2022 | D24: 0 | E24: 4 | F24: 326 | G24: 39 | H24: -2 | I24: -1 | J24: -122 | K24: -128 | L24: =SUM(D24:G24) -> 369 | M24: =-SUM(H24:K24) -> 253 | N24: =SUM(D24:K24) -> 116
B25: Bus | C25: 2023 | D25: 0 | E25: 5 | F25: 218 | G25: 44 | H25: -2 | I25: -2 | J25: -104 | K25: -86 | L25: =SUM(D25:G25) -> 267 | M25: =-SUM(H25:K25) -> 194 | N25: =SUM(D25:K25) -> 73
A26: =IF(B26=B23, A23, A23+1) -> 2 | B26: Truck | C26: 2001 | D26: 56 | E26: 43 | F26: 2785 | G26: 2913 | H26: -502 | I26: -47 | J26: -2271 | K26: -713 | L26: =SUM(D26:G26) -> 5797 | M26: =-SUM(H26:K26) -> 3533 | N26: =SUM(D26:K26) -> 2264
A27: =IF(B27=B26, A26, A26+1) -> 2 | B27: Truck | C27: 2002 | D27: 63 | E27: 47 | F27: 3355 | G27: 4018 | H27: -472 | I27: -44 | J27: -2260 | K27: -781 | L27: =SUM(D27:G27) -> 7483 | M27: =-SUM(H27:K27) -> 3557 | N27: =SUM(D27:K27) -> 3926
A28: =IF(B28=B27, A27, A27+1) -> 2 | B28: Truck | C28: 2003 | D28: 43 | E28: 33 | F28: 3888 | G28: 5028 | H28: -403 | I28: -54 | J28: -2450 | K28: -908 | L28: =SUM(D28:G28) -> 8992 | M28: =-SUM(H28:K28) -> 3815 | N28: =SUM(D28:K28) -> 5177
A29: =IF(B29=B28, A28, A28+1) -> 2 | B29: Truck | C29: 2004 | D29: 41 | E29: 57 | F29: 4462 | G29: 6235 | H29: -363 | I29: -42 | J29: -2460 | K29: -1030 | L29: =SUM(D29:G29) -> 10795 | M29: =-SUM(H29:K29) -> 3895 | N29: =SUM(D29:K29) -> 6900
A30: =IF(B30=B29, A29, A29+1) -> 2 | B30: Truck | C30: 2005 | D30: 32 | E30: 69 | F30: 4726 | G30: 5421 | H30: -394 | I30: -40 | J30: -2557 | K30: -1178 | L30: =SUM(D30:G30) -> 10248 | M30: =-SUM(H30:K30) -> 4169 | N30: =SUM(D30:K30) -> 6079
A31: =IF(B31=B30, A30, A30+1) -> 2 | B31: Truck | C31: 2006 | D31: 22 | E31: 43 | F31: 3889 | G31: 4914 | H31: -309 | I31: -44 | J31: -2618 | K31: -1303 | L31: =SUM(D31:G31) -> 8868 | M31: =-SUM(H31:K31) -> 4274 | N31: =SUM(D31:K31) -> 4594
A32: =IF(B32=B31, A31, A31+1) -> 2 | B32: Truck | C32: 2007 | D32: 20 | E32: 58 | F32: 4115 | G32: 4759 | H32: -303 | I32: -34 | J32: -2655 | K32: -1461 | L32: =SUM(D32:G32) -> 8952 | M32: =-SUM(H32:K32) -> 4453 | N32: =SUM(D32:K32) -> 4499
A33: =IF(B33=B32, A32, A32+1) -> 2 | B33: Truck | C33: 2008 | D33: 13 | E33: 64 | F33: 4311 | G33: 3574 | H33: -273 | I33: -35 | J33: -2687 | K33: -1597 | L33: =SUM(D33:G33) -> 7962 | M33: =-SUM(H33:K33) -> 4592 | N33: =SUM(D33:K33) -> 3370
A34: =IF(B34=B33, A33, A33+1) -> 2 | B34: Truck | C34: 2009 | D34: 15 | E34: 35 | F34: 2402 | G34: 850 | H34: -241 | I34: -32 | J34: -2633 | K34: -1554 | L34: =SUM(D34:G34) -> 3302 | M34: =-SUM(H34:K34) -> 4460 | N34: =SUM(D34:K34) -> -1158
A35: =IF(B35=B34, A34, A34+1) -> 2 | B35: Truck | C35: 2010 | D35: 16 | E35: 39 | F35: 2408 | G35: 673 | H35: -241 | I35: -38 | J35: -2799 | K35: -1661 | L35: =SUM(D35:G35) -> 3136 | M35: =-SUM(H35:K35) -> 4739 | N35: =SUM(D35:K35) -> -1603
A36: =IF(B36=B35, A35, A35+1) -> 2 | B36: Truck | C36: 2011 | D36: 8 | E36: 34 | F36: 2860 | G36: 675 | H36: -189 | I36: -38 | J36: -2800 | K36: -1989 | L36: =SUM(D36:G36) -> 3577 | M36: =-SUM(H36:K36) -> 5016 | N36: =SUM(D36:K36) -> -1439
A37: =IF(B37=B36, A36, A36+1) -> 2 | B37: Truck | C37: 2012 | D37: 12 | E37: 28 | F37: 3142 | G37: 713 | H37: -166 | I37: -29 | J37: -2243 | K37: -1591 | L37: =SUM(D37:G37) -> 3895 | M37: =-SUM(H37:K37) -> 4029 | N37: =SUM(D37:K37) -> -134
A38: =IF(B38=B37, A37, A37+1) -> 2 | B38: Truck | C38: 2013 | D38: 21 | E38: 23 | F38: 4007 | G38: 1193 | H38: -79 | I38: -22 | J38: -1910 | K38: -1326 | L38: =SUM(D38:G38) -> 5244 | M38: =-SUM(H38:K38) -> 3337 | N38: =SUM(D38:K38) -> 1907
... A46: =IF(B46=B45, A45, A45+1) -> 2 | B46: Truck | C46: 2021 | D46: 6 | E46: 30 | F46: 6084 | G46: 2697 | H46: -58 | I46: -18 | J46: -2216 | K46: -1930 | L46: =SUM(D46:G46) -> 8817 | M46: =-SUM(H46:K46) -> 4222 | N46: =SUM(D46:K46) -> 4595
B47: Truck | C47: 2022 | D47: 24 | E47: 55 | F47: 7073 | G47: 2564 | H47: -41 | I47: -20 | J47: -2288 | K47: -2029 | L47: =SUM(D47:G47) -> 9716 | M47: =-SUM(H47:K47) -> 4378 | N47: =SUM(D47:K47) -> 5338
B48: Truck | C48: 2023 | D48: 45 | E48: 33 | F48: 7839 | G48: 1883 | H48: -24 | I48: -25 | J48: -2935 | K48: -2296 | L48: =SUM(D48:G48) -> 9800 | M48: =-SUM(H48:K48) -> 5280 | N48: =SUM(D48:K48) -> 4520
A49: =IF(B49=B46, A46, A46+1) -> 3 | B49: LCV | C49: 2001 | D49: 3976 | E49: 1802 | F49: 11067 | G49: 2992 | H49: -10083 | I49: -2412 | J49: -1778 | K49: -2869 | L49: =SUM(D49:G49) -> 19837 | M49: =-SUM(H49:K49) -> 17142 | N49: =SUM(D49:K49) -> 2695
A50: =IF(B50=B49, A49, A49+1) -> 3 | B50: LCV | C50: 2002 | D50: 4895 | E50: 2321 | F50: 12058 | G50: 4366 | H50: -9873 | I50: -2493 | J50: -2068 | K50: -3185 | L50: =SUM(D50:G50) -> 23640 | M50: =-SUM(H50:K50) -> 17619 | N50: =SUM(D50:K50) -> 6021
A51: =IF(B51=B50, A50, A50+1) -> 3 | B51: LCV | C51: 2003 | D51: 5403 | E51: 1933 | F51: 12966 | G51: 6127 | H51: -9360 | I51: -2496 | J51: -2236 | K51: -3561 | L51: =SUM(D51:G51) -> 26429 | M51: =-SUM(H51:K51) -> 17653 | N51: =SUM(D51:K51) -> 8776
A52: =IF(B52=B51, A51, A51+1) -> 3 | B52: LCV | C52: 2004 | D52: 5875 | E52: 1897 | F52: 14525 | G52: 7455 | H52: -9188 | I52: -2576 | J52: -2352 | K52: -3900 | L52: =SUM(D52:G52) -> 29752 | M52: =-SUM(H52:K52) -> 18016 | N52: =SUM(D52:K52) -> 11736
A53: =IF(B53=B52, A52, A52+1) -> 3 | B53: LCV | C53: 2005 | D53: 5391 | E53: 2306 | F53: 16456 | G53: 6575 | H53: -8841 | I53: -2509 | J53: -2519 | K53: -4428 | L53: =SUM(D53:G53) -> 30728 | M53: =-SUM(H53:K53) -> 18297 | N53: =SUM(D53:K53) -> 12431
A54: =IF(B54=B53, A53, A53+1) -> 3 | B54: LCV | C54: 2006 | D54: 4439 | E54: 1988 | F54: 15996 | G54: 5661 | H54: -8582 | I54: -2430 | J54: -2790 | K54: -4824 | L54: =SUM(D54:G54) -> 28084 | M54: =-SUM(H54:K54) -> 18626 | N54: =SUM(D54:K54) -> 9458
A55: =IF(B55=B54, A54, A54+1) -> 3 | B55: LCV | C55: 2007 | D55: 3829 | E55: 2637 | F55: 17935 | G55: 5273 | H55: -8227 | I55: -2366 | J55: -3093 | K55: -4779 | L55: =SUM(D55:G55) -> 29674 | M55: =-SUM(H55:K55) -> 18465 | N55: =SUM(D55:K55) -> 11209
A56: =IF(B56=B55, A55, A55+1) -> 3 | B56: LCV | C56: 2008 | D56: 3075 | E56: 2765 | F56: 17063 | G56: 2497 | H56: -7889 | I56: -2333 | J56: -3711 | K56: -5186 | L56: =SUM(D56:G56) -> 25400 | M56: =-SUM(H56:K56) -> 19119 | N56: =SUM(D56:K56) -> 6281
A57: =IF(B57=B56, A56, A56+1) -> 3 | B57: LCV | C57: 2009 | D57: 1852 | E57: 1646 | F57: 11733 | G57: 1024 | H57: -6731 | I57: -2004 | J57: -3840 | K57: -4605 | L57: =SUM(D57:G57) -> 16255 | M57: =-SUM(H57:K57) -> 17180 | N57: =SUM(D57:K57) -> -925
A58: =IF(B58=B57, A57, A57+1) -> 3 | B58: LCV | C58: 2010 | D58: 2190 | E58: 1943 | F58: 14466 | G58: 672 | H58: -6588 | I58: -1873 | J58: -4520 | K58: -4665 | L58: =SUM(D58:G58) -> 19271 | M58: =-SUM(H58:K58) -> 17646 | N58: =SUM(D58:K58) -> 1625
A59: =IF(B59=B58, A58, A58+1) -> 3 | B59: LCV | C59: 2011 | D59: 2140 | E59: 2580 | F59: 16327 | G59: 433 | H59: -6945 | I59: -2056 | J59: -5695 | K59: -5220 | L59: =SUM(D59:G59) -> 21480 | M59: =-SUM(H59:K59) -> 19916 | N59: =SUM(D59:K59) -> 1564
A60: =IF(B60=B59, A59, A59+1) -> 3 | B60: LCV | C60: 2012 | D60: 2421 | E60: 2378 | F60: 19081 | G60: 755 | H60: -4932 | I60: -1599 | J60: -4846 | K60: -4018 | L60: =SUM(D60:G60) -> 24635 | M60: =-SUM(H60:K60) -> 15395 | N60: =SUM(D60:K60) -> 9240
A61: =IF(B61=B60, A60, A60+1) -> 3 | B61: LCV | C61: 2013 | D61: 2466 | E61: 3081 | F61: 24994 | G61: 2124 | H61: -4347 | I61: -1412 | J61: -4692 | K61: -3501 | L61: =SUM(D61:G61) -> 32665 | M61: =-SUM(H61:K61) -> 13952 | N61: =SUM(D61:K61) -> 18713
... A69: =IF(B69=B68, A68, A68+1) -> 3 | B69: LCV | C69: 2021 | D69: 1779 | E69: 3047 | F69: 46474 | G69: 1708 | H69: -3987 | I69: -2079 | J69: -9678 | K69: -3107 | L69: =SUM(D69:G69) -> 53008 | M69: =-SUM(H69:K69) -> 18851 | N69: =SUM(D69:K69) -> 34157
B70: LCV | C70: 2022 | D70: 2214 | E70: 3457 | F70: 40068 | G70: 2131 | H70: -3717 | I70: -1972 | J70: -10061 | K70: -2832 | L70: =SUM(D70:G70) -> 47870 | M70: =-SUM(H70:K70) -> 18582 | N70: =SUM(D70:K70) -> 29288
B71: LCV | C71: 2023 | D71: 2020 | E71: 2605 | F71: 29805 | G71: 2043 | H71: -3694 | I71: -2623 | J71: -17850 | K71: -2981 | L71: =SUM(D71:G71) -> 36473 | M71: =-SUM(H71:K71) -> 27148 | N71: =SUM(D71:K71) -> 9325
A72: =IF(B72=B69, A69, A69+1) -> 4 | B72: LPV | C72: 2001 | D72: 58398 | E72: 117164 | F72: 2601 | G72: 13413 | H72: -79512 | I72: -38932 | J72: -584 | K72: -4422 | L72: =SUM(D72:G72) -> 191576 | M72: =-SUM(H72:K72) -> 123450 | N72: =SUM(D72:K72) -> 68126
A73: =IF(B73=B72, A72, A72+1) -> 4 | B73: LPV | C73: 2002 | D73: 64450 | E73: 120831 | F73: 2538 | G73: 17674 | H73: -75715 | I73: -43096 | J73: -534 | K73: -5402 | L73: =SUM(D73:G73) -> 205493 | M73: =-SUM(H73:K73) -> 124747 | N73: =SUM(D73:K73) -> 80746
A74: =IF(B74=B73, A73, A73+1) -> 4 | B74: LPV | C74: 2003 | D74: 70561 | E74: 135379 | F74: 2386 | G74: 23846 | H74: -72296 | I74: -48433 | J74: -558 | K74: -6603 | L74: =SUM(D74:G74) -> 232172 | M74: =-SUM(H74:K74) -> 127890 | N74: =SUM(D74:K74) -> 104282
A75: =IF(B75=B74, A74, A74+1) -> 4 | B75: LPV | C75: 2004 | D75: 74086 | E75: 135546 | F75: 2755 | G75: 20744 | H75: -71908 | I75: -55864 | J75: -525 | K75: -7820 | L75: =SUM(D75:G75) -> 233131 | M75: =-SUM(H75:K75) -> 136117 | N75: =SUM(D75:K75) -> 97014
A76: =IF(B76=B75, A75, A75+1) -> 4 | B76: LPV | C76: 2005 | D76: 75197 | E76: 135344 | F76: 4372 | G76: 19581 | H76: -70485 | I76: -64640 | J76: -504 | K76: -9401 | L76: =SUM(D76:G76) -> 234494 | M76: =-SUM(H76:K76) -> 145030 | N76: =SUM(D76:K76) -> 89464
A77: =IF(B77=B76, A76, A76+1) -> 4 | B77: LPV | C77: 2006 | D77: 72578 | E77: 115312 | F77: 5989 | G77: 11119 | H77: -67460 | I77: -71430 | J77: -545 | K77: -10798 | L77: =SUM(D77:G77) -> 204998 | M77: =-SUM(H77:K77) -> 150233 | N77: =SUM(D77:K77) -> 54765
A78: =IF(B78=B77, A77, A77+1) -> 4 | B78: LPV | C78: 2007 | D78: 71606 | E78: 115848 | F78: 7921 | G78: 8026 | H78: -65325 | I78: -77513 | J78: -630 | K78: -11377 | L78: =SUM(D78:G78) -> 203401 | M78: =-SUM(H78:K78) -> 154845 | N78: =SUM(D78:K78) -> 48556
A79: =IF(B79=B78, A78, A78+1) -> 4 | B79: LPV | C79: 2008 | D79: 65587 | E79: 91315 | F79: 9726 | G79: 3217 | H79: -62717 | I79: -80245 | J79: -687 | K79: -11937 | L79: =SUM(D79:G79) -> 169845 | M79: =-SUM(H79:K79) -> 155586 | N79: =SUM(D79:K79) -> 14259
A80: =IF(B80=B79, A79, A79+1) -> 4 | B80: LPV | C80: 2009 | D80: 48032 | E80: 71952 | F80: 8740 | G80: 1304 | H80: -53371 | I80: -72776 | J80: -720 | K80: -10783 | L80: =SUM(D80:G80) -> 130028 | M80: =-SUM(H80:K80) -> 137650 | N80: =SUM(D80:K80) -> -7622
A81: =IF(B81=B80, A80, A80+1) -> 4 | B81: LPV | C81: 2010 | D81: 54519 | E81: 91802 | F81: 9825 | G81: 844 | H81: -51344 | I81: -73280 | J81: -795 | K81: -10980 | L81: =SUM(D81:G81) -> 156990 | M81: =-SUM(H81:K81) -> 136399 | N81: =SUM(D81:K81) -> 20591
A82: =IF(B82=B81, A81, A81+1) -> 4 | B82: LPV | C82: 2011 | D82: 55124 | E82: 83110 | F82: 11034 | G82: 1055 | H82: -56380 | I82: -87404 | J82: -1030 | K82: -12932 | L82: =SUM(D82:G82) -> 150323 | M82: =-SUM(H82:K82) -> 157746 | N82: =SUM(D82:K82) -> -7423
A83: =IF(B83=B82, A82, A82+1) -> 4 | B83: LPV | C83: 2012 | D83: 64962 | E83: 80022 | F83: 14255 | G83: 1898 | H83: -43732 | I83: -68774 | J83: -888 | K83: -9944 | L83: =SUM(D83:G83) -> 161137 | M83: =-SUM(H83:K83) -> 123338 | N83: =SUM(D83:K83) -> 37799
A84: =IF(B84=B83, A83, A83+1) -> 4 | B84: LPV | C84: 2013 | D84: 69408 | E84: 99954 | F84: 15492 | G84: 2298 | H84: -44437 | I84: -73956 | J84: -993 | K84: -9218 | L84: =SUM(D84:G84) -> 187152 | M84: =-SUM(H84:K84) -> 128604 | N84: =SUM(D84:K84) -> 58548
... A92: =IF(B92=B91, A91, A91+1) -> 4 | B92: LPV | C92: 2021 | D92: 97078 | E92: 116656 | F92: 10876 | G92: 5460 | H92: -58670 | I92: -114655 | J92: -3564 | K92: -6094 | L92: =SUM(D92:G92) -> 230070 | M92: =-SUM(H92:K92) -> 182983 | N92: =SUM(D92:K92) -> 47087
B93: LPV | C93: 2022 | D93: 92443 | E93: 107043 | F93: 11306 | G93: 3825 | H93: -56258 | I93: -113079 | J93: -4260 | K93: -5536 | L93: =SUM(D93:G93) -> 214617 | M93: =-SUM(H93:K93) -> 179133 | N93: =SUM(D93:K93) -> 35484
B94: LPV | C94: 2023 | D94: 83470 | E94: 112697 | F94: 9064 | G94: 1653 | H94: -59116 | I94: -108204 | J94: -7226 | K94: -5687 | L94: =SUM(D94:G94) -> 206884 | M94: =-SUM(H94:K94) -> 180233 | N94: =SUM(D94:K94) -> 26651
A95: =IF(B95=B92, A92, A92+1) -> 5 | B95: MC | C95: 2001 | D95: 4417 | E95: 2358 | F95: 0 | G95: 0 | H95: -3509 | I95: -2084 | J95: 0 | K95: 0 | L95: =SUM(D95:G95) -> 6775 | M95: =-SUM(H95:K95) -> 5593 | N95: =SUM(D95:K95) -> 1182
A96: =IF(B96=B95, A95, A95+1) -> 5 | B96: MC | C96: 2002 | D96: 4534 | E96: 2666 | F96: 0 | G96: 0 | H96: -3127 | I96: -1928 | J96: 0 | K96: 0 | L96: =SUM(D96:G96) -> 7200 | M96: =-SUM(H96:K96) -> 5055 | N96: =SUM(D96:K96) -> 2145
A97: =IF(B97=B96, A96, A96+1) -> 5 | B97: MC | C97: 2003 | D97: 5478 | E97: 2971 | F97: 0 | G97: 0 | H97: -3023 | I97: -1993 | J97: 0 | K97: 0 | L97: =SUM(D97:G97) -> 8449 | M97: =-SUM(H97:K97) -> 5016 | N97: =SUM(D97:K97) -> 3433
A98: =IF(B98=B97, A97, A97+1) -> 5 | B98: MC | C98: 2004 | D98: 7347 | E98: 3095 | F98: 0 | G98: 0 | H98: -3154 | I98: -1915 | J98: 0 | K98: 0 | L98: =SUM(D98:G98) -> 10442 | M98: =-SUM(H98:K98) -> 5069 | N98: =SUM(D98:K98) -> 5373
A99: =IF(B99=B98, A98, A98+1) -> 5 | B99: MC | C99: 2005 | D99: 10851 | E99: 3770 | F99: 0 | G99: 0 | H99: -3062 | I99: -1843 | J99: 0 | K99: 0 | L99: =SUM(D99:G99) -> 14621 | M99: =-SUM(H99:K99) -> 4905 | N99: =SUM(D99:K99) -> 9716
A100: =IF(B100=B99, A99, A99+1) -> 5 | B100: MC | C100: 2006 | D100: 12763 | E100: 4419 | F100: 0 | G100: 0 | H100: -3841 | I100: -1863 | J100: 0 | K100: 0 | L100: =SUM(D100:G100) -> 17182 | M100: =-SUM(H100:K100) -> 5704 | N100: =SUM(D100:K100) -> 11478
A101: =IF(B101=B100, A100, A100+1) -> 5 | B101: MC | C101: 2007 | D101: 13889 | E101: 4719 | F101: 0 | G101: 0 | H101: -4253 | I101: -1953 | J101: 0 | K101: 0 | L101: =SUM(D101:G101) -> 18608 | M101: =-SUM(H101:K101) -> 6206 | N101: =SUM(D101:K101) -> 12402
A102: =IF(B102=B101, A101, A101+1) -> 5 | B102: MC | C102: 2008 | D102: 15818 | E102: 5254 | F102: 0 | G102: 0 | H102: -4499 | I102: -1970 | J102: 0 | K102: 0 | L102: =SUM(D102:G102) -> 21072 | M102: =-SUM(H102:K102) -> 6469 | N102: =SUM(D102:K102) -> 14603
A103: =IF(B103=B102, A102, A102+1) -> 5 | B103: MC | C103: 2009 | D103: 9301 | E103: 3452 | F103: 0 | G103: 0 | H103: -5040 | I103: -2089 | J103: 0 | K103: 0 | L103: =SUM(D103:G103) -> 12753 | M103: =-SUM(H103:K103) -> 7129 | N103: =SUM(D103:K103) -> 5624
A104: =IF(B104=B103, A103, A103+1) -> 5 | B104: MC | C104: 2010 | D104: 7328 | E104: 3004 | F104: 0 | G104: 0 | H104: -5453 | I104: -2350 | J104: 0 | K104: 0 | L104: =SUM(D104:G104) -> 10332 | M104: =-SUM(H104:K104) -> 7803 | N104: =SUM(D104:K104) -> 2529
A105: =IF(B105=B104, A104, A104+1) -> 5 | B105: MC | C105: 2011 | D105: 7289 | E105: 2678 | F105: 0 | G105: 0 | H105: -6290 | I105: -2462 | J105: 0 | K105: 0 | L105: =SUM(D105:G105) -> 9967 | M105: =-SUM(H105:K105) -> 8752 | N105: =SUM(D105:K105) -> 1215
A106: =IF(B106=B105, A105, A105+1) -> 5 | B106: MC | C106: 2012 | D106: 6747 | E106: 2195 | F106: 0 | G106: 0 | H106: -4165 | I106: -1616 | J106: 0 | K106: 0 | L106: =SUM(D106:G106) -> 8942 | M106: =-SUM(H106:K106) -> 5781 | N106: =SUM(D106:K106) -> 3161
A107: =IF(B107=B106, A106, A106+1) -> 5 | B107: MC | C107: 2013 | D107: 8030 | E107: 2624 | F107: 0 | G107: 0 | H107: -4382 | I107: -1587 | J107: 0 | K107: 0 | L107: =SUM(D107:G107) -> 10654 | M107: =-SUM(H107:K107) -> 5969 | N107: =SUM(D107:K107) -> 4685
... A117: =IF(B117=B116, A116, A116+1) -> 5 | B117: MC | C117: 2023 | D117: 9638 | E117: 2123 | F117: 0 | G117: 0 | H117: -5832 | I117: -1416 | J117: 0 | K117: 0 | L117: =SUM(D117:G117) -> 11761 | M117: =-SUM(H117:K117) -> 7248 | N117: =SUM(D117:K117) -> 4513
A118: =IF(B118=B117, A117, A117+1) -> 6
A119: =IF(B119=B118, A118, A118+1) -> 6
A120: =IF(B120=B119, A119, A119+1) -> 6
A121: =IF(B121=B120, A120, A120+1) -> 6
A122: =IF(B122=B121, A121, A121+1) -> 6
A123: =IF(B123=B122, A122, A122+1) -> 6
A124: =IF(B124=B123, A123, A123+1) -> 6
A125: =IF(B125=B124, A124, A124+1) -> 6
A126: =IF(B126=B125, A125, A125+1) -> 6
A127: =IF(B127=B126, A126, A126+1) -> 6
A128: =IF(B128=B127, A127, A127+1) -> 6
A129: =IF(B129=B128, A128, A128+1) -> 6
... A505: =IF(B505=B504, A504, A504+1) -> 6

Sheet 5.2abcd
B1: Manufacturing year of vehicles entering and leaving the fleet | N1: Back to Contents
A2: YoM | B2: Light used in | C2: Light used out | D2: Light new in | E2: Light new out | F2: MC used in | G2: MC used out | H2: MC new in | I2: MC new out | J2: Truck used in | K2: Truck used out | L2: Truck new in | M2: Truck new out | N2: Bus used in | O2: Bus used out | P2: Bus new in | Q2: Bus new out
A3: 1980 | B3: 645 | C3: -318 | D3: 303 | E3: -473 | F3: 408 | G3: -91 | H3: 122 | I3: -46 | J3: 2 | K3: -5 | L3: 9 | M3: -51 | N3: 0 | O3: -1 | P3: 0 | Q3: -2
A4: 1981 | B4: 9 | C4: -12 | D4: 2 | E4: -32 | F4: 15 | G4: -6 | H4: 8 | I4: -6 | J4: 0 | K4: -2 | L4: 0 | M4: -9 | N4: 0 | O4: 0 | P4: 0 | Q4: 0
A5: 1982 | B5: 7 | C5: -10 | D5: 3 | E5: -25 | F5: 32 | G5: -3 | H5: 11 | I5: -3 | J5: 0 | K5: -1 | L5: 1 | M5: -7 | N5: 0 | O5: 0 | P5: 0 | Q5: 0
A6: 1983 | B6: 2 | C6: -23 | D6: 4 | E6: -34 | F6: 18 | G6: -2 | H6: 5 | I6: 0 | J6: 0 | K6: -3 | L6: 0 | M6: -21 | N6: 0 | O6: 0 | P6: 0 | Q6: 0
A7: 1984 | B7: 6 | C7: -33 | D7: 5 | E7: -60 | F7: 16 | G7: -8 | H7: 4 | I7: -3 | J7: 0 | K7: -16 | L7: 1 | M7: -19 | N7: 0 | O7: -1 | P7: 0 | Q7: 0
A8: 1985 | B8: 11 | C8: -106 | D8: 11 | E8: -151 | F8: 16 | G8: -19 | H8: 3 | I8: -14 | J8: 3 | K8: -33 | L8: 5 | M8: -65 | N8: 0 | O8: -1 | P8: 0 | Q8: -3
A9: 1986 | B9: 12 | C9: -95 | D9: 7 | E9: -127 | F9: 18 | G9: -26 | H9: 8 | I9: -21 | J9: 5 | K9: -35 | L9: 1 | M9: -57 | N9: 0 | O9: -2 | P9: 1 | Q9: -6
A10: 1987 | B10: 7 | C10: -120 | D10: 9 | E10: -172 | F10: 6 | G10: -19 | H10: 9 | I10: -28 | J10: 2 | K10: -61 | L10: 4 | M10: -29 | N10: 0 | O10: -6 | P10: 0 | Q10: -3
A11: 1988 | B11: 12 | C11: -264 | D11: 9 | E11: -235 | F11: 19 | G11: -13 | H11: 6 | I11: -21 | J11: 1 | K11: -73 | L11: 3 | M11: -37 | N11: 0 | O11: -7 | P11: 0 | Q11: -2
A12: 1989 | B12: 18 | C12: -430 | D12: 7 | E12: -425 | F12: 16 | G12: -19 | H12: 8 | I12: -22 | J12: 2 | K12: -74 | L12: 2 | M12: -44 | N12: 0 | O12: -8 | P12: 0 | Q12: -2
A13: 1990 | B13: 42 | C13: -646 | D13: 16 | E13: -612 | F13: 11 | G13: -23 | H13: 4 | I13: -17 | J13: 3 | K13: -112 | L13: 3 | M13: -54 | N13: 1 | O13: -5 | P13: 0 | Q13: -2
A14: 1991 | B14: 38 | C14: -914 | D14: 7 | E14: -572 | F14: 14 | G14: -19 | H14: 5 | I14: -13 | J14: 6 | K14: -107 | L14: 4 | M14: -35 | N14: 0 | O14: -5 | P14: 0 | Q14: -3
... A46: 2023 | B46: 344 | C46: 0 | D46: 141006 | E46: 0 | F46: 19 | G46: 0 | H46: 8997 | I46: 0 | J46: 13 | K46: 0 | L46: 7650 | M46: 0 | N46: 0 | O46: 0 | P46: 296 | Q46: 0

Sheet 6.1,6.2c
D1: Average vehicle age entering the fleet | J1: Back to Contents
B2: Type | C2: Year in | D2: New average age | E2: New vehicles | F2: Used average age | G2: Used vehicles | H2: Ratio of used to new
A3: =IF(B3=B2, A2, A2+1) -> 1 | B3: Bus | C3: 2000 | D3: 1.1586538 | E3: 104 | F3: 10.537415 | G3: 147 | H3: =G3/E3 -> 1.4134615
A4: =IF(B4=B3, A3, A3+1) -> 1 | B4: Bus | C4: 2001 | D4: 1.0242424 | E4: 165 | F4: 10.915301 | G4: 183 | H4: =G4/E4 -> 1.1090909
A5: =IF(B5=B4, A4, A4+1) -> 1 | B5: Bus | C5: 2002 | D5: 0.69230769 | E5: 156 | F5: 11.662037 | G5: 324 | H5: =G5/E5 -> 2.0769231
A6: =IF(B6=B5, A5, A5+1) -> 1 | B6: Bus | C6: 2003 | D6: 0.51141552 | E6: 219 | F6: 12.167969 | G6: 256 | H6: =G6/E6 -> 1.1689498
A7: =IF(B7=B6, A6, A6+1) -> 1 | B7: Bus | C7: 2004 | D7: 0.63636364 | E7: 275 | F7: 11.429134 | G7: 254 | H7: =G7/E7 -> 0.92363636
A8: =IF(B8=B7, A7, A7+1) -> 1 | B8: Bus | C8: 2005 | D8: 0.84615385 | E8: 208 | F8: 11.48927 | G8: 233 | H8: =G8/E8 -> 1.1201923
A9: =IF(B9=B8, A8, A8+1) -> 1 | B9: Bus | C9: 2006 | D9: 0.83576642 | E9: 137 | F9: 12.411364 | G9: 220 | H9: =G9/E9 -> 1.6058394
A10: =IF(B10=B9, A9, A9+1) -> 1 | B10: Bus | C10: 2007 | D10: 0.61256544 | E10: 191 | F10: 12.077121 | G10: 389 | H10: =G10/E10 -> 2.0366492
A11: =IF(B11=B10, A10, A10+1) -> 1 | B11: Bus | C11: 2008 | D11: 0.52666667 | E11: 300 | F11: 12.260546 | G11: 403 | H11: =G11/E11 -> 1.3433333
A12: =IF(B12=B11, A11, A11+1) -> 1 | B12: Bus | C12: 2009 | D12: 0.68674699 | E12: 415 | F12: 5.0217391 | G12: 46 | H12: =G12/E12 -> 0.11084337
A13: =IF(B13=B12, A12, A12+1) -> 1 | B13: Bus | C13: 2010 | D13: 0.65062761 | E13: 239 | F13: 6.3295455 | G13: 44 | H13: =G13/E13 -> 0.18410042
A14: =IF(B14=B13, A13, A13+1) -> 1 | B14: Bus | C14: 2011 | D14: 0.5 | E14: 308 | F14: 7.9 | G14: 25 | H14: =G14/E14 -> 0.081168831
... A24: =IF(B24=B23, A23, A23+1) -> 1 | B24: Bus | C24: 2021 | D24: 0.57083333 | E24: 360 | F24: 9.9464286 | G24: 28 | H24: =G24/E24 -> 0.077777778
B25: Bus | C25: 2022 | D25: 0.76728111 | E25: 434 | F25: 9.9069767 | G25: 43 | H25: =G25/E25 -> 0.099078341
B26: Bus | C26: 2023 | D26: 1.2633229 | E26: 319 | F26: 10.571429 | G26: 49 | H26: =G26/E26 -> 0.15360502
A27: =IF(B27=B24, A24, A24+1) -> 2 | B27: LCV | C27: 2000 | D27: 1.5382271 | E27: 14440 | F27: 7.8871492 | G27: 4918 | H27: =G27/E27 -> 0.34058172
A28: =IF(B28=B27, A27, A27+1) -> 2 | B28: LCV | C28: 2001 | D28: 1.379671 | E28: 15013 | F28: 8.1376721 | G28: 4794 | H28: =G28/E28 -> 0.31932325
A29: =IF(B29=B28, A28, A28+1) -> 2 | B29: LCV | C29: 2002 | D29: 1.2054495 | E29: 16919 | F29: 7.6547209 | G29: 6683 | H29: =G29/E29 -> 0.3949997
A30: =IF(B30=B29, A29, A29+1) -> 2 | B30: LCV | C30: 2003 | D30: 1.1643854 | E30: 18338 | F30: 8.2849609 | G30: 8059 | H30: =G30/E30 -> 0.43946995
A31: =IF(B31=B30, A30, A30+1) -> 2 | B31: LCV | C31: 2004 | D31: 1.0279729 | E31: 20359 | F31: 8.8300364 | G31: 9352 | H31: =G31/E31 -> 0.45935459
A32: =IF(B32=B31, A31, A31+1) -> 2 | B32: LCV | C32: 2005 | D32: 0.94417698 | E32: 21810 | F32: 8.7955518 | G32: 8880 | H32: =G32/E32 -> 0.40715268
A33: =IF(B33=B32, A32, A32+1) -> 2 | B33: LCV | C33: 2006 | D33: 0.98366766 | E33: 20389 | F33: 9.0057531 | G33: 7648 | H33: =G33/E33 -> 0.37510422
A34: =IF(B34=B33, A33, A33+1) -> 2 | B34: LCV | C34: 2007 | D34: 1.0207135 | E34: 21725 | F34: 8.0596713 | G34: 7910 | H34: =G34/E34 -> 0.36409666
A35: =IF(B35=B34, A34, A34+1) -> 2 | B35: LCV | C35: 2008 | D35: 1.0002733 | E35: 20124 | F35: 8.2411139 | G35: 5261 | H35: =G35/E35 -> 0.26142914
A36: =IF(B36=B35, A35, A35+1) -> 2 | B36: LCV | C36: 2009 | D36: 1.2483068 | E36: 13584 | F36: 9.0895131 | G36: 2670 | H36: =G36/E36 -> 0.19655477
A37: =IF(B37=B36, A36, A36+1) -> 2 | B37: LCV | C37: 2010 | D37: 1.1853332 | E37: 16643 | F37: 9.2019893 | G37: 2614 | H37: =G37/E37 -> 0.15706303
A38: =IF(B38=B37, A37, A37+1) -> 2 | B38: LCV | C38: 2011 | D38: 1.1532704 | E38: 18438 | F38: 9.5477929 | G38: 3013 | H38: =G38/E38 -> 0.16341252
A39: =IF(B39=B38, A38, A38+1) -> 2 | B39: LCV | C39: 2012 | D39: 1.1345375 | E39: 21481 | F39: 9.0295244 | G39: 3133 | H39: =G39/E39 -> 0.14584982
... A48: =IF(B48=B47, A47, A47+1) -> 2 | B48: LCV | C48: 2021 | D48: 0.87389999 | E48: 48295 | F48: 9.7006442 | G48: 4812 | H48: =G48/E48 -> 0.099637644
B49: LCV | C49: 2022 | D49: 0.98346614 | E49: 42670 | F49: 8.748042 | G49: 5618 | H49: =G49/E49 -> 0.13166159
B50: LCV | C50: 2023 | D50: 1.1376107 | E50: 32294 | F50: 7.8590539 | G50: 4672 | H50: =G50/E50 -> 0.14467084
A51: =IF(B51=B48, A48, A48+1) -> 3 | B51: LPV | C51: 2000 | D51: 1.396846 | E51: 60337 | F51: 7.2975703 | G51: 117794 | H51: =G51/E51 -> 1.9522681
A52: =IF(B52=B51, A51, A51+1) -> 3 | B52: LPV | C52: 2001 | D52: 1.3420923 | E52: 60852 | F52: 7.567654 | G52: 130554 | H52: =G52/E52 -> 2.1454348
A53: =IF(B53=B52, A52, A52+1) -> 3 | B53: LPV | C53: 2002 | D53: 1.2970641 | E53: 66861 | F53: 7.1970477 | G53: 138469 | H53: =G53/E53 -> 2.070998
A54: =IF(B54=B53, A53, A53+1) -> 3 | B54: LPV | C54: 2003 | D54: 1.1718207 | E54: 72823 | F54: 7.2862806 | G54: 159183 | H54: =G54/E54 -> 2.1858891
A55: =IF(B55=B54, A54, A54+1) -> 3 | B55: LPV | C55: 2004 | D55: 1.0815259 | E55: 76675 | F55: 7.687784 | G55: 156262 | H55: =G55/E55 -> 2.0379785
A56: =IF(B56=B55, A55, A55+1) -> 3 | B56: LPV | C56: 2005 | D56: 1.0440467 | E56: 79393 | F56: 8.1407565 | G56: 154888 | H56: =G56/E56 -> 1.9509025
A57: =IF(B57=B56, A56, A56+1) -> 3 | B57: LPV | C57: 2006 | D57: 1.0359465 | E57: 78422 | F57: 8.3696249 | G57: 126393 | H57: =G57/E57 -> 1.6117033
A58: =IF(B58=B57, A57, A57+1) -> 3 | B58: LPV | C58: 2007 | D58: 1.0261607 | E58: 79413 | F58: 8.4117889 | G58: 123828 | H58: =G58/E58 -> 1.5592913
A59: =IF(B59=B58, A58, A58+1) -> 3 | B59: LPV | C59: 2008 | D59: 0.99645899 | E59: 75261 | F59: 8.5736228 | G59: 94502 | H59: =G59/E59 -> 1.255657
A60: =IF(B60=B59, A59, A59+1) -> 3 | B60: LPV | C60: 2009 | D60: 1.2689724 | E60: 56727 | F60: 8.3165003 | G60: 73229 | H60: =G60/E60 -> 1.290902
A61: =IF(B61=B60, A60, A60+1) -> 3 | B61: LPV | C61: 2010 | D61: 1.1816712 | E61: 64314 | F61: 8.290343 | G61: 92606 | H61: =G61/E61 -> 1.4399042
A62: =IF(B62=B61, A61, A61+1) -> 3 | B62: LPV | C62: 2011 | D62: 1.1265943 | E62: 66093 | F62: 8.9583284 | G62: 84134 | H62: =G62/E62 -> 1.2729639
A63: =IF(B63=B62, A62, A62+1) -> 3 | B63: LPV | C63: 2012 | D63: 1.0475712 | E63: 79134 | F63: 8.2181798 | G63: 81882 | H63: =G63/E63 -> 1.0347259
... A72: =IF(B72=B71, A71, A71+1) -> 3 | B72: LPV | C72: 2021 | D72: 0.85490429 | E72: 114614 | F72: 9.8646115 | G72: 124826 | H72: =G72/E72 -> 1.0890991
B73: LPV | C73: 2022 | D73: 0.87594608 | E73: 119440 | F73: 9.9229535 | G73: 114645 | H73: =G73/E73 -> 0.95985432
B74: LPV | C74: 2023 | D74: 0.89645033 | E74: 113588 | F74: 9.3153225 | G74: 119178 | H74: =G74/E74 -> 1.0492129
A75: =IF(B75=B72, A72, A72+1) -> 4 | B75: Light | C75: 2000 | D75: 1.4241478 | E75: 74777 | F75: 7.3211992 | G75: 122712 | H75: =G75/E75 -> 1.6410394
A76: =IF(B76=B75, A75, A75+1) -> 4 | B76: Light | C76: 2001 | D76: 1.3495288 | E76: 75865 | F76: 7.5878439 | G76: 135348 | H76: =G76/E76 -> 1.7840638
A77: =IF(B77=B76, A76, A76+1) -> 4 | B77: Light | C77: 2002 | D77: 1.2785629 | E77: 83780 | F77: 7.2181196 | G77: 145152 | H77: =G77/E77 -> 1.7325376
A78: =IF(B78=B77, A77, A77+1) -> 4 | B78: Light | C78: 2003 | D78: 1.170325 | E78: 91161 | F78: 7.3344046 | G78: 167242 | H78: =G78/E78 -> 1.8345784
A79: =IF(B79=B78, A78, A78+1) -> 4 | B79: Light | C79: 2004 | D79: 1.0702898 | E79: 97034 | F79: 7.7522854 | G79: 165614 | H79: =G79/E79 -> 1.7067626
A80: =IF(B80=B79, A79, A79+1) -> 4 | B80: Light | C80: 2005 | D80: 1.022524 | E80: 101203 | F80: 8.1762615 | G80: 163768 | H80: =G80/E80 -> 1.6182129
A81: =IF(B81=B80, A80, A80+1) -> 4 | B81: Light | C81: 2006 | D81: 1.0251591 | E81: 98811 | F81: 8.4059206 | G81: 134041 | H81: =G81/E81 -> 1.3565393
A82: =IF(B82=B81, A81, A81+1) -> 4 | B82: Light | C82: 2007 | D82: 1.0249906 | E82: 101138 | F82: 8.3906466 | G82: 131738 | H82: =G82/E82 -> 1.3025569
A83: =IF(B83=B82, A82, A82+1) -> 4 | B83: Light | C83: 2008 | D83: 0.99726372 | E83: 95385 | F83: 8.5560879 | G83: 99763 | H83: =G83/E83 -> 1.0458982
A84: =IF(B84=B83, A83, A83+1) -> 4 | B84: Light | C84: 2009 | D84: 1.2649799 | E84: 70311 | F84: 8.3436936 | G84: 75899 | H84: =G84/E84 -> 1.0794755
A85: =IF(B85=B84, A84, A84+1) -> 4 | B85: Light | C85: 2010 | D85: 1.182424 | E85: 80957 | F85: 8.3153697 | G85: 95220 | H85: =G85/E85 -> 1.1761799
A86: =IF(B86=B85, A85, A85+1) -> 4 | B86: Light | C86: 2011 | D86: 1.132413 | E86: 84531 | F86: 8.9787084 | G86: 87147 | H86: =G86/E86 -> 1.0309472
A87: =IF(B87=B86, A86, A86+1) -> 4 | B87: Light | C87: 2012 | D87: 1.0661383 | E87: 100615 | F87: 8.2480798 | G87: 85015 | H87: =G87/E87 -> 0.84495354
... A96: =IF(B96=B95, A95, A95+1) -> 4 | B96: Light | C96: 2021 | D96: 0.86053564 | E96: 162909 | F96: 9.8585253 | G96: 129638 | H96: =G96/E96 -> 0.79576942
B97: Light | C97: 2022 | D97: 0.90424712 | E97: 162110 | F97: 9.8680683 | G97: 120263 | H97: =G97/E97 -> 0.74186047
B98: Light | C98: 2023 | D98: 0.94983617 | E98: 145882 | F98: 9.2603876 | G98: 123850 | H98: =G98/E98 -> 0.84897383
A99: =IF(B99=B96, A96, A96+1) -> 5 | B99: Mcycl | C99: 2000 | D99: 5.1349588 | E99: 4368 | F99: 14.625478 | G99: 2355 | H99: =G99/E99 -> 0.53914835
A100: =IF(B100=B99, A99, A99+1) -> 5 | B100: Mcycl | C100: 2001 | D100: 5.247962 | E100: 4416 | F100: 14.327747 | G100: 2357 | H100: =G100/E100 -> 0.53374094
A101: =IF(B101=B100, A100, A100+1) -> 5 | B101: Mcycl | C101: 2002 | D101: 4.1738699 | E101: 4535 | F101: 13.854409 | G101: 2665 | H101: =G101/E101 -> 0.5876516
A102: =IF(B102=B101, A101, A101+1) -> 5 | B102: Mcycl | C102: 2003 | D102: 3.3835129 | E102: 5477 | F102: 13.118102 | G102: 2972 | H102: =G102/E102 -> 0.54263283
A103: =IF(B103=B102, A102, A102+1) -> 5 | B103: Mcycl | C103: 2004 | D103: 2.7065585 | E103: 7395 | F103: 12.555753 | G103: 3094 | H103: =G103/E103 -> 0.4183908
A104: =IF(B104=B103, A103, A103+1) -> 5 | B104: Mcycl | C104: 2005 | D104: 2.0054 | E104: 10926 | F104: 12.669186 | G104: 3771 | H104: =G104/E104 -> 0.34514003
A105: =IF(B105=B104, A104, A104+1) -> 5 | B105: Mcycl | C105: 2006 | D105: 1.9804633 | E105: 12822 | F105: 12.771041 | G105: 4420 | H105: =G105/E105 -> 0.34472001
A106: =IF(B106=B105, A105, A105+1) -> 5 | B106: Mcycl | C106: 2007 | D106: 1.635996 | E106: 13971 | F106: 11.785835 | G106: 4716 | H106: =G106/E106 -> 0.33755637
A107: =IF(B107=B106, A106, A106+1) -> 5 | B107: Mcycl | C107: 2008 | D107: 1.5237439 | E107: 15962 | F107: 12.036639 | G107: 5254 | H107: =G107/E107 -> 0.32915675
A108: =IF(B108=B107, A107, A107+1) -> 5 | B108: Mcycl | C108: 2009 | D108: 2.1597905 | E108: 9356 | F108: 14.167873 | G108: 3455 | H108: =G108/E108 -> 0.36928174
A109: =IF(B109=B108, A108, A108+1) -> 5 | B109: Mcycl | C109: 2010 | D109: 2.5229221 | E109: 7351 | F109: 14.316717 | G109: 3009 | H109: =G109/E109 -> 0.40933206
A110: =IF(B110=B109, A109, A109+1) -> 5 | B110: Mcycl | C110: 2011 | D110: 2.4439278 | E110: 7312 | F110: 14.716549 | G110: 2683 | H110: =G110/E110 -> 0.36693107
A111: =IF(B111=B110, A110, A110+1) -> 5 | B111: Mcycl | C111: 2012 | D111: 2.8856804 | E111: 6753 | F111: 13.739873 | G111: 2197 | H111: =G111/E111 -> 0.32533689
... A120: =IF(B120=B119, A119, A119+1) -> 5 | B120: Mcycl | C120: 2021 | D120: 2.3051348 | E120: 12016 | F120: 18.765554 | G120: 2877 | H120: =G120/E120 -> 0.23943076
B121: Mcycl | C121: 2022 | D121: 2.4654984 | E121: 11898 | F121: 21.552946 | G121: 2427 | H121: =G121/E121 -> 0.20398386
B122: Mcycl | C122: 2023 | D122: 2.5281595 | E122: 10405 | F122: 21.940197 | G122: 2132 | H122: =G122/E122 -> 0.20490149
A123: =IF(B123=B120, A120, A120+1) -> 6 | B123: Other | C123: 2000 | D123: 3.798072 | E123: 1971 | F123: 17.242838 | G123: 2234 | H123: =G123/E123 -> 1.1334348
A124: =IF(B124=B123, A123, A123+1) -> 6 | B124: Other | C124: 2001 | D124: 3.2605787 | E124: 2765 | F124: 17.665803 | G124: 2316 | H124: =G124/E124 -> 0.83761302
A125: =IF(B125=B124, A124, A124+1) -> 6 | B125: Other | C125: 2002 | D125: 2.8103241 | E125: 3332 | F125: 17.546803 | G125: 2393 | H125: =G125/E125 -> 0.71818727
A126: =IF(B126=B125, A125, A125+1) -> 6 | B126: Other | C126: 2003 | D126: 3.0859446 | E126: 3287 | F126: 17.567722 | G126: 2621 | H126: =G126/E126 -> 0.79738363
A127: =IF(B127=B126, A126, A126+1) -> 6 | B127: Other | C127: 2004 | D127: 3.0402083 | E127: 3457 | F127: 17.165203 | G127: 2733 | H127: =G127/E127 -> 0.79056986
A128: =IF(B128=B127, A127, A127+1) -> 6 | B128: Other | C128: 2005 | D128: 2.5155692 | E128: 3918 | F128: 16.320976 | G128: 2684 | H128: =G128/E128 -> 0.68504339
A129: =IF(B129=B128, A128, A128+1) -> 6 | B129: Other | C129: 2006 | D129: 2.7930293 | E129: 3486 | F129: 17.31459 | G129: 2392 | H129: =G129/E129 -> 0.68617326
A130: =IF(B130=B129, A129, A129+1) -> 6 | B130: Other | C130: 2007 | D130: 0.62307484 | E130: 3701 | F130: 19.214866 | G130: 1722 | H130: =G130/E130 -> 0.46527965
A131: =IF(B131=B130, A130, A130+1) -> 6 | B131: Other | C131: 2008 | D131: 0.60502173 | E131: 4142 | F131: 18.601371 | G131: 1751 | H131: =G131/E131 -> 0.42274264
A132: =IF(B132=B131, A131, A131+1) -> 6 | B132: Other | C132: 2009 | D132: 0.62895854 | E132: 3063 | F132: 18.92086 | G132: 2047 | H132: =G132/E132 -> 0.66829905
A133: =IF(B133=B132, A132, A132+1) -> 6 | B133: Other | C133: 2010 | D133: 0.53031496 | E133: 2540 | F133: 18.618557 | G133: 2231 | H133: =G133/E133 -> 0.87834646
A134: =IF(B134=B133, A133, A133+1) -> 6 | B134: Other | C134: 2011 | D134: 0.52759259 | E134: 2700 | F134: 16.679638 | G134: 2544 | H134: =G134/E134 -> 0.94222222
A135: =IF(B135=B134, A134, A134+1) -> 6 | B135: Other | C135: 2012 | D135: 0.56171086 | E135: 3168 | F135: 17.509669 | G135: 2327 | H135: =G135/E135 -> 0.73453283
... A144: =IF(B144=B143, A143, A143+1) -> 6 | B144: Other | C144: 2021 | D144: 0.50738397 | E144: 4740 | F144: 14.445074 | G144: 2558 | H144: =G144/E144 -> 0.53966245
B145: Other | C145: 2022 | D145: 0.52285771 | E145: 5053 | F145: 14.735099 | G145: 2265 | H145: =G145/E145 -> 0.44824857
B146: Other | C146: 2023 | D146: 0.53001072 | E146: 4665 | F146: 14.599907 | G146: 2152 | H146: =G146/E146 -> 0.46130761
A147: =IF(B147=B144, A144, A144+1) -> 7 | B147: Truck | C147: 2000 | D147: 2.6245831 | E147: 2998 | F147: 8.8129433 | G147: 2820 | H147: =G147/E147 -> 0.94062708
A148: =IF(B148=B147, A147, A147+1) -> 7 | B148: Truck | C148: 2001 | D148: 2.5607181 | E148: 2841 | F148: 9.2094046 | G148: 2956 | H148: =G148/E148 -> 1.0404787
A149: =IF(B149=B148, A148, A148+1) -> 7 | B149: Truck | C149: 2002 | D149: 2.070237 | E149: 3417 | F149: 9.1938499 | G149: 4065 | H149: =G149/E149 -> 1.18964
...

Sheet 6.2b
B1: Used imports entering the light fleet: year of manufacture and fuel type vs NZ registration | O1: Back to Contents
B2: Year first registered in NZ
A3: Year of manufacture | B3: 2000 Diesel | C3: 2000 Petrol | D3: 2001 Diesel | E3: 2001 Petrol | F3: 2002 Diesel | G3: 2002 Petrol | H3: 2003 Diesel | I3: 2003 Petrol | J3: 2004 Diesel | K3: 2004 Petrol | L3: 2005 Diesel | M3: 2005 Petrol | N3: 2006 Diesel | O3: 2006 Petrol | P3: 2007 Diesel | Q3: 2007 Petrol | R3: 2008 Diesel | S3: 2008 Petrol | T3: 2009 Diesel | U3: 2009 Petrol | V3: 2010 Diesel | W3: 2010 Petrol | X3: 2011 Diesel | Y3: 2011 Petrol | Z3: 2012 Diesel | AA3: 2012 Petrol | AB3: 2013 Diesel | AC3: 2013 Petrol | AD3: 2014 Diesel | AE3: 2014 Petrol | AF3: 2015 Diesel | AG3: 2015 Petrol | AH3: 2016 Diesel | AI3: 2016 Petrol | AJ3: 2017 Diesel | AK3: 2017 Petrol | AL3: 2018 Diesel | AM3: 2018 Petrol | AN3: 2019 Diesel | AO3: 2019 Petrol | AP3: 2020 Diesel | AQ3: 2020 Petrol | AR3: 2021 Diesel | AS3: 2021 Petrol | AT3: 2022 Diesel | AU3: 2022 Petrol | AV3: 2023 Diesel | AW3: 2023 Petrol
A4: Other | B4: 0 | C4: 0 | D4: 0 | E4: 0 | F4: 0 | G4: 0 | H4: 0 | I4: 0 | J4: 0 | K4: 0 | L4: 0 | M4: 0 | N4: 0 | O4: 0 | P4: 0 | Q4: 1 | R4: 0 | S4: 0 | T4: 0 | U4: 0 | V4: 0 | W4: 0 | X4: 0 | Y4: 0 | Z4: 0 | AA4: 0 | AB4: 0 | AC4: 0 | AD4: 0 | AE4: 0 | AF4: 0 | AG4: 0 | AH4: 0 | AI4: 0 | AJ4: 0 | AK4: 0 | AL4: 0 | AM4: 0 | AN4: 0 | AO4: 0 | AP4: 0 | AQ4: 0 | AR4: 0 | AS4: 0 | AT4: 0 | AU4: 0 | AV4: 0 | AW4: 0
A5: Pre 1990 | B5: 1019 | C5: 3142 | D5: 558 | E5: 1532 | F5: 321 | G5: 877 | H5: 212 | I5: 627 | J5: 174 | K5: 867 | L5: 76 | M5: 1180 | N5: 39 | O5: 1310 | P5: 45 | Q5: 1351 | R5: 31 | S5: 1627 | T5: 10 | U5: 1091 | V5: 23 | W5: 1211 | X5: 22 | Y5: 1087 | Z5: 7 | AA5: 1078 | AB5: 19 | AC5: 1081 | AD5: 15 | AE5: 1049 | AF5: 12 | AG5: 1070 | AH5: 11 | AI5: 1002 | AJ5: 15 | AK5: 1145 | AL5: 19 | AM5: 1250 | AN5: 16 | AO5: 1113 | AP5: 12 | AQ5: 953 | AR5: 5 | AS5: 824 | AT5: 12 | AU5: 902 | AV5: 5 | AW5: 600
A6: 1990 | B6: 1417 | C6: 6554 | D6: 1072 | E6: 4354 | F6: 603 | G6: 1645 | H6: 497 | I6: 339 | J6: 343 | K6: 156 | L6: 124 | M6: 77 | N6: 51 | O6: 45 | P6: 21 | Q6: 39 | R6: 19 | S6: 18 | T6: 2 | U6: 20 | V6: 3 | W6: 48 | X6: 1 | Y6: 43 | Z6: 4 | AA6: 25 | AB6: 8 | AC6: 56 | AD6: 8 | AE6: 95 | AF6: 8 | AG6: 72 | AH6: 10 | AI6: 48 | AJ6: 10 | AK6: 44 | AL6: 3 | AM6: 35 | AN6: 4 | AO6: 28 | AP6: 4 | AQ6: 18 | AR6: 2 | AS6: 26 | AT6: 2 | AU6: 22 | AV6: 4 | AW6: 13
A7: 1991 | B7: 3034 | C7: 16597 | D7: 1600 | E7: 8995 | F7: 1653 | G7: 3542 | H7: 1253 | I7: 702 | J7: 739 | K7: 298 | L7: 358 | M7: 171 | N7: 121 | O7: 75 | P7: 61 | Q7: 41 | R7: 18 | S7: 33 | T7: 3 | U7: 12 | V7: 0 | W7: 24 | X7: 4 | Y7: 37 | Z7: 1 | AA7: 21 | AB7: 14 | AC7: 91 | AD7: 21 | AE7: 137 | AF7: 16 | AG7: 131 | AH7: 21 | AI7: 81 | AJ7: 13 | AK7: 57 | AL7: 13 | AM7: 55 | AN7: 6 | AO7: 32 | AP7: 3 | AQ7: 27 | AR7: 3 | AS7: 40 | AT7: 4 | AU7: 36 | AV7: 0 | AW7: 15
A8: 1992 | B8: 2684 | C8: 15509 | D8: 3386 | E8: 22568 | F8: 2374 | G8: 8438 | H8: 2919 | I8: 2480 | J8: 1431 | K8: 1010 | L8: 883 | M8: 500 | N8: 269 | O8: 147 | P8: 104 | Q8: 79 | R8: 27 | S8: 32 | T8: 4 | U8: 19 | V8: 2 | W8: 16 | X8: 3 | Y8: 16 | Z8: 1 | AA8: 18 | AB8: 20 | AC8: 116 | AD8: 28 | AE8: 187 | AF8: 49 | AG8: 181 | AH8: 37 | AI8: 121 | AJ8: 30 | AK8: 77 | AL8: 17 | AM8: 49 | AN8: 10 | AO8: 41 | AP8: 4 | AQ8: 26 | AR8: 1 | AS8: 28 | AT8: 3 | AU8: 31 | AV8: 2 | AW8: 10
A9: 1993 | B9: 2788 | C9: 23768 | D9: 1838 | E9: 15581 | F9: 2991 | G9: 10847 | H9: 2817 | I9: 3572 | J9: 2454 | K9: 2308 | L9: 1363 | M9: 1095 | N9: 434 | O9: 275 | P9: 191 | Q9: 90 | R9: 61 | S9: 40 | T9: 14 | U9: 22 | V9: 2 | W9: 23 | X9: 2 | Y9: 11 | Z9: 2 | AA9: 18 | AB9: 14 | AC9: 98 | AD9: 50 | AE9: 217 | AF9: 69 | AG9: 189 | AH9: 53 | AI9: 176 | AJ9: 60 | AK9: 113 | AL9: 27 | AM9: 63 | AN9: 15 | AO9: 35 | AP9: 7 | AQ9: 34 | AR9: 2 | AS9: 23 | AT9: 1 | AU9: 50 | AV9: 2 | AW9: 11
A10: 1994 | B10: 1993 | C10: 14170 | D10: 2630 | E10: 28174 | F10: 2666 | G10: 15337 | H10: 5200 | I10: 14981 | J10: 3301 | K10: 7024 | L10: 3088 | M10: 4348 | N10: 1065 | O10: 1360 | P10: 502 | Q10: 375 | R10: 176 | S10: 122 | T10: 30 | U10: 49 | V10: 9 | W10: 39 | X10: 2 | Y10: 21 | Z10: 5 | AA10: 17 | AB10: 3 | AC10: 20 | AD10: 42 | AE10: 172 | AF10: 148 | AG10: 310 | AH10: 172 | AI10: 258 | AJ10: 149 | AK10: 190 | AL10: 57 | AM10: 109 | AN10: 27 | AO10: 59 | AP10: 8 | AQ10: 42 | AR10: 21 | AS10: 34 | AT10: 5 | AU10: 51 | AV10: 5 | AW10: 13
A11: 1995 | B11: 1845 | C11: 14195 | D11: 1791 | E11: 13610 | F11: 3808 | G11: 28892 | H11: 4436 | I11: 21182 | J11: 5587 | K11: 25219 | L11: 3636 | M11: 12340 | N11: 2211 | O11: 5679 | P11: 813 | Q11: 2005 | R11: 256 | S11: 372 | T11: 51 | U11: 108 | V11: 10 | W11: 54 | X11: 8 | Y11: 38 | Z11: 3 | AA11: 29 | AB11: 5 | AC11: 26 | AD11: 3 | AE11: 21 | AF11: 100 | AG11: 247 | AH11: 276 | AI11: 370 | AJ11: 214 | AK11: 291 | AL11: 140 | AM11: 164 | AN11: 70 | AO11: 123 | AP11: 29 | AQ11: 67 | AR11: 25 | AS11: 44 | AT11: 19 | AU11: 62 | AV11: 2 | AW11: 16
A12: 1996 | B12: 1292 | C12: 5116 | D12: 1806 | E12: 13837 | F12: 3487 | G12: 20746 | H12: 6704 | I12: 44630 | J12: 5607 | K12: 28826 | L12: 7849 | M12: 37483 | N12: 3404 | O12: 16082 | P12: 2054 | Q12: 11362 | R12: 705 | S12: 3509 | T12: 131 | U12: 701 | V12: 13 | W12: 168 | X12: 5 | Y12: 49 | Z12: 5 | AA12: 31 | AB12: 3 | AC12: 35 | AD12: 4 | AE12: 30 | AF12: 5 | AG12: 24 | AH12: 237 | AI12: 330 | AJ12: 523 | AK12: 599 | AL12: 311 | AM12: 382 | AN12: 205 | AO12: 211 | AP12: 142 | AQ12: 144 | AR12: 95 | AS12: 96 | AT12: 42 | AU12: 68 | AV12: 7 | AW12: 12
A13: 1997 | B13: 702 | C13: 3127 | D13: 733 | E13: 4101 | F13: 2041 | G13: 19469 | H13: 2845 | I13: 19042 | J13: 4363 | K13: 31809 | L13: 3503 | M13: 22423 | N13: 4095 | O13: 29066 | P13: 2068 | Q13: 15444 | R13: 652 | S13: 4931 | T13: 159 | U13: 1011 | V13: 14 | W13: 230 | X13: 8 | Y13: 60 | Z13: 6 | AA13: 36 | AB13: 4 | AC13: 40 | AD13: 1 | AE13: 35 | AF13: 7 | AG13: 40 | AH13: 7 | AI13: 28 | AJ13: 240 | AK13: 389 | AL13: 311 | AM13: 570 | AN13: 150 | AO13: 318 | AP13: 118 | AQ13: 229 | AR13: 135 | AS13: 207 | AT13: 55 | AU13: 165 | AV13: 10 | AW13: 38
A14: 1998 | B14: 133 | C14: 830 | D14: 386 | E14: 2737 | F14: 781 | G14: 5092 | H14: 1227 | I14: 14994 | J14: 1499 | K14: 12703 | L14: 1834 | M14: 22703 | N14: 1722 | O14: 16676 | P14: 2359 | Q14: 25352 | R14: 739 | S14: 10591 | T14: 172 | U14: 2102 | V14: 21 | W14: 332 | X14: 9 | Y14: 67 | Z14: 5 | AA14: 35 | AB14: 5 | AC14: 40 | AD14: 8 | AE14: 48 | AF14: 1 | AG14: 27 | AH14: 6 | AI14: 37 | AJ14: 5 | AK14: 16 | AL14: 126 | AM14: 354 | AN14: 171 | AO14: 476 | AP14: 92 | AQ14: 368 | AR14: 126 | AS14: 316 | AT14: 78 | AU14: 286 | AV14: 3 | AW14: 41
A15: 1999 | B15: 57 | C15: 366 | D15: 100 | E15: 737 | F15: 604 | G15: 3995 | H15: 728 | I15: 5718 | J15: 1182 | K15: 11980 | L15: 1114 | M15: 8822 | N15: 914 | O15: 15598 | P15: 1406 | Q15: 14169 | R15: 690 | S15: 19780 | T15: 175 | U15: 5920 | V15: 26 | W15: 1079 | X15: 9 | Y15: 478 | Z15: 4 | AA15: 87 | AB15: 2 | AC15: 64 | AD15: 2 | AE15: 45 | AF15: 2 | AG15: 56 | AH15: 2 | AI15: 56 | AJ15: 6 | AK15: 30 | AL15: 2 | AM15: 33 | AN15: 51 | AO15: 281 | AP15: 81 | AQ15: 491 | AR15: 84 | AS15: 491 | AT15: 53 | AU15: 354 | AV15: 13 | AW15: 65
A16: 2000 | B16: 8 | C16: 52 | D16: 34 | E16: 496 | F16: 153 | G16: 1023 | H16: 462 | I16: 4172 | J16: 600 | K16: 5688 | L16: 928 | M16: 10470 | N16: 782 | O16: 7604 | P16: 741 | Q16: 14906 | R16: 354 | S16: 13353 | T16: 93 | U16: 11616 | V16: 18 | W16: 7941 | X16: 5 | Y16: 8103 | Z16: 2 | AA16: 3057 | AB16: 9 | AC16: 390 | AD16: 9 | AE16: 83 | AF16: 8 | AG16: 67 | AH16: 8 | AI16: 43 | AJ16: 6 | AK16: 46 | AL16: 2 | AM16: 43 | AN16: 1 | AO16: 25 | AP16: 30 | AQ16: 265 | AR16: 91 | AS16: 673 | AT16: 61 | AU16: 533 | AV16: 7 | AW16: 85
A17: 2001 | B17: 0 | C17: 0 | D17: 10 | E17: 127 | F17: 38 | G17: 783 | H17: 109 | I17: 1359 | J17: 295 | K17: 3859 | L17: 497 | M17: 5109 | N17: 523 | O17: 8461 | P17: 692 | Q17: 7124 | R17: 239 | S17: 12093 | T17: 51 | U17: 11345 | V17: 17 | W17: 21831 | X17: 7 | Y17: 12168 | Z17: 9 | AA17: 3509 | AB17: 7 | AC17: 425 | AD17: 4 | AE17: 92 | AF17: 10 | AG17: 65 | AH17: 5 | AI17: 53 | AJ17: 3 | AK17: 49 | AL17: 7 | AM17: 31 | AN17: 4 | AO17: 20 | AP17: 1 | AQ17: 13 | AR17: 65 | AS17: 303 | AT17: 63 | AU17: 629 | AV17: 11 | AW17: 110
... A39: 2023 | B39: 0 | C39: 0 | D39: 0 | E39: 0 | F39: 0 | G39: 0 | H39: 0 | I39: 0 | J39: 0 | K39: 0 | L39: 0 | M39: 0 | N39: 0 | O39: 0 | P39: 0 | Q39: 0 | R39: 0 | S39: 0 | T39: 0 | U39: 0 | V39: 0 | W39: 0 | X39: 0 | Y39: 0 | Z39: 0 | AA39: 0 | AB39: 0 | AC39: 0 | AD39: 0 | AE39: 0 | AF39: 0 | AG39: 0 | AH39: 0 | AI39: 0 | AJ39: 0 | AK39: 0 | AL39: 0 | AM39: 0 | AN39: 0 | AO39: 0 | AP39: 0 | AQ39: 0 | AR39: 0 | AS39: 0 | AT39: 0 | AU39: 0 | AV39: 140 | AW39: 204

Sheet 6.3
B1: Average engine size (cc) of vehicles entering the light fleet | M1: Back to Contents
A2: Year | B2: Petrol | C2: Diesel
A3: 2000 | B3: 2151.6591 | C3: 2728.2303
A4: 2001 | B4: 2175.7974 | C4: 2729.0726
A5: 2002 | B5: 2213.1561 | C5: 2796.6352
A6: 2003 | B6: 2244.0605 | C6: 2835.1895
A7: 2004 | B7: 2284.1013 | C7: 2833.5547
A8: 2005 | B8: 2237.2025 | C8: 2817.1545
A9: 2006 | B9: 2210.3711 | C9: 2768.5854
A10: 2007 | B10: 2233.446 | C10: 2794.8289
A11: 2008 | B11: 2194.7776 | C11: 2694.6511
A12: 2009 | B12: 2127.6735 | C12: 2598.027
A13: 2010 | B13: 2136.1253 | C13: 2613.3646
A14: 2011 | B14: 2122.4272 | C14: 2621.8754
... A26: 2023 | B26: 1854.6452 | C26: 2551.1967

Sheet 6.4a,b
B1: Vehicles entering the light fleet, by engine size (cc) band and new/used import | K1: Back to Contents
A2: Year | B2: New < 1350 | C2: New 1350-1599 | D2: New 1600-1999 | E2: New 2000-2999 | F2: New 3000-3999 | G2: New 4000+ | H2: Used import < 1350 | I2: Used import 1350-1599 | J2: Used import 1600-1999 | K2: Used import 2000-2999 | L2: Used import 3000-3999 | M2: Used import 4000+
A3: 2000 | B3: 4841 | C3: 11641 | D3: 16737 | E3: 24924 | F3: 12424 | G3: 4269 | H3: 4730 | I3: 26264 | J3: 56126 | K3: 29066 | L3: 4594 | M3: 1950
A4: 2001 | B4: 3527 | C4: 8971 | D4: 18476 | E4: 27205 | F4: 13018 | G4: 4845 | H4: 6227 | I4: 29056 | J4: 61285 | K4: 31579 | L4: 5481 | M4: 1743
A5: 2002 | B5: 4485 | C5: 5898 | D5: 22238 | E5: 31402 | F5: 13757 | G5: 6161 | H5: 7782 | I5: 29596 | J5: 57532 | K5: 40018 | L5: 7818 | M5: 2446
A6: 2003 | B6: 5686 | C6: 6156 | D6: 22115 | E6: 32460 | F6: 17917 | G6: 6982 | H6: 9530 | I6: 29861 | J6: 64020 | K6: 50834 | L6: 9462 | M6: 3578
A7: 2004 | B7: 6122 | C7: 6611 | D7: 21853 | E7: 34404 | F7: 21493 | G7: 6758 | H7: 9307 | I7: 27053 | J7: 61190 | K7: 54414 | L7: 9925 | M7: 3753
A8: 2005 | B8: 6048 | C8: 8483 | D8: 24075 | E8: 36654 | F8: 20448 | G8: 5708 | H8: 10259 | I8: 26762 | J8: 64073 | K8: 50651 | L8: 8636 | M8: 3425
A9: 2006 | B9: 5600 | C9: 9286 | D9: 24734 | E9: 36439 | F9: 18329 | G9: 4614 | H9: 11766 | I9: 23471 | J9: 51925 | K9: 38223 | L9: 5883 | M9: 2812
A10: 2007 | B10: 4751 | C10: 11301 | D10: 23177 | E10: 38864 | F10: 18275 | G10: 4923 | H10: 12896 | I10: 21325 | J10: 50245 | K10: 37924 | L10: 5815 | M10: 3579
A11: 2008 | B11: 4458 | C11: 15675 | D11: 22101 | E11: 35152 | F11: 14433 | G11: 3632 | H11: 10999 | I11: 17666 | J11: 37818 | K11: 26038 | L11: 4055 | M11: 3218
A12: 2009 | B12: 2915 | C12: 12242 | D12: 17825 | E12: 25394 | F12: 9943 | G12: 2038 | H12: 10614 | I12: 15171 | J12: 27328 | K12: 18905 | L12: 2218 | M12: 1690
A13: 2010 | B13: 3180 | C13: 12666 | D13: 20453 | E13: 33047 | F13: 9333 | G13: 2321 | H13: 11524 | I13: 19172 | J13: 34522 | K13: 24511 | L13: 3306 | M13: 2226
A14: 2011 | B14: 4637 | C14: 14140 | D14: 19582 | E14: 35416 | F14: 8632 | G14: 2218 | H14: 10926 | I14: 16618 | J14: 30666 | K14: 23323 | L14: 3258 | M14: 2387
... A26: 2023 | B26: 10379 | C26: 26681 | D26: 31025 | E26: 52106 | F26: 2305 | G26: 1863 | H26: 16226 | I26: 40452 | J26: 46023 | K26: 13445 | L26: 1625 | M26: 1227

Sheet 6.5a,b
B1: Motorcycles entering the light fleet, by average engine size and engine size band and new/used import | O1: Averge engine capacity | Q1: Back to Contents
B2: New | H2: Used imports
A3: Year | B3: <= 60cc | C3: <= 125cc | D3: <= 250cc | E3: <= 600cc | F3: <= 1000cc | G3: > 1000cc | H3: <= 60 cc | I3: <= 125 cc | J3: <= 250 cc | K3: <= 600 cc | L3: <= 1000 cc | M3: > 1000 cc
A4: 2000 | B4: 606 | C4: 441 | D4: 980 | E4: 532 | F4: 1014 | G4: 797 | H4: 833 | I4: 39 | J4: 488 | K4: 315 | L4: 515 | M4: 167 | O4: 495
A5: 2001 | B5: 758 | C5: 290 | D5: 928 | E5: 531 | F5: 1001 | G5: 909 | H5: 842 | I5: 58 | J5: 476 | K5: 321 | L5: 484 | M5: 177 | O5: 540
A6: 2002 | B6: 848 | C6: 334 | D6: 817 | E6: 537 | F6: 1078 | G6: 920 | H6: 912 | I6: 54 | J6: 519 | K6: 327 | L6: 602 | M6: 252 | O6: 523
A7: 2003 | B7: 1307 | C7: 441 | D7: 812 | E7: 525 | F7: 1337 | G7: 1056 | H7: 1017 | I7: 50 | J7: 494 | K7: 339 | L7: 691 | M7: 380 | O7: 530
A8: 2004 | B8: 2044 | C8: 457 | D8: 1506 | E8: 546 | F8: 1626 | G8: 1168 | H8: 890 | I8: 36 | J8: 499 | K8: 315 | L8: 885 | M8: 470 | O8: 524
A9: 2005 | B9: 4668 | C9: 546 | D9: 1665 | E9: 668 | F9: 1853 | G9: 1451 | H9: 1012 | I9: 40 | J9: 575 | K9: 328 | L9: 1016 | M9: 799 | O9: 480
A10: 2006 | B10: 4950 | C10: 617 | D10: 2292 | E10: 718 | F10: 2402 | G10: 1784 | H10: 1244 | I10: 49 | J10: 705 | K10: 385 | L10: 1063 | M10: 973 | O10: 485
A11: 2007 | B11: 4728 | C11: 743 | D11: 2494 | E11: 775 | F11: 2843 | G11: 2306 | H11: 1119 | I11: 51 | J11: 880 | K11: 323 | L11: 1199 | M11: 1147 | O11: 542
A12: 2008 | B12: 5963 | C12: 1258 | D12: 3031 | E12: 814 | F12: 2605 | G12: 2147 | H12: 1451 | I12: 41 | J12: 882 | K12: 328 | L12: 1242 | M12: 1310 | O12: 492
A13: 2009 | B13: 2946 | C13: 609 | D13: 1491 | E13: 500 | F13: 1923 | G13: 1832 | H13: 1192 | I13: 44 | J13: 468 | K13: 295 | L13: 781 | M13: 672 | O13: 540
A14: 2010 | B14: 2298 | C14: 474 | D14: 1086 | E14: 443 | F14: 1507 | G14: 1520 | H14: 1125 | I14: 51 | J14: 275 | K14: 216 | L14: 674 | M14: 663 | O14: 557
A15: 2011 | B15: 2472 | C15: 757 | D15: 1119 | E15: 406 | F15: 1244 | G15: 1291 | H15: 1092 | I15: 58 | J15: 237 | K15: 174 | L15: 479 | M15: 638 | O15: 502
... A27: 2023 | B27: 1504 | C27: 636 | D27: 778 | E27: 2029 | F27: 2891 | G27: 1800 | H27: 660 | I27: 28 | J27: 86 | K27: 146 | L27: 439 | M27: 764 | O27: 642

Sheet 6.7a, b
D1: Vehicles entering the fleet: country of manufacture | M1: Vehicles entering the fleet: country imported from | S1: Back to Contents
B2: Type | C2: Year | D2: New Europe and America | E2: New Asia | F2: New Australia | G2: New NZ | H2: Used Europe and America | I2: Used Asia | J2: Used Australia | K2: Used NZ | M2: Used Europe and America | N2: Used Asia | O2: Used Australia | P2: Used NZ | Q2: Used Country Unknown
A3: =IF(B3=B2, A2, A2+1) -> 1 | B3: Bus | C3: 2000 | D3: 55 | E3: 11 | F3: 5 | G3: 33 | H3: 18 | I3: 123 | J3: 6 | K3: 0 | M3: 14 | N3: 122 | O3: 8 | P3: 1 | Q3: 2
A4: =IF(B4=B3, A3, A3+1) -> 1 | B4: Bus | C4: 2001 | D4: 102 | E4: 12 | F4: 12 | G4: 39 | H4: 18 | I4: 159 | J4: 6 | K4: 0 | M4: 15 | N4: 158 | O4: 8 | P4: 0 | Q4: 2
A5: =IF(B5=B4, A4, A4+1) -> 1 | B5: Bus | C5: 2002 | D5: 124 | E5: 12 | F5: 8 | G5: 12 | H5: 28 | I5: 270 | J5: 25 | K5: 1 | M5: 16 | N5: 268 | O5: 39 | P5: 0 | Q5: 1
A6: =IF(B6=B5, A5, A5+1) -> 1 | B6: Bus | C6: 2003 | D6: 176 | E6: 13 | F6: 11 | G6: 19 | H6: 28 | I6: 223 | J6: 5 | K6: 0 | M6: 11 | N6: 221 | O6: 23 | P6: 0 | Q6: 1
A7: =IF(B7=B6, A6, A6+1) -> 1 | B7: Bus | C7: 2004 | D7: 209 | E7: 29 | F7: 13 | G7: 24 | H7: 16 | I7: 229 | J7: 9 | K7: 0 | M7: 7 | N7: 236 | O7: 9 | P7: 0 | Q7: 2
A8: =IF(B8=B7, A7, A7+1) -> 1 | B8: Bus | C8: 2005 | D8: 169 | E8: 24 | F8: 7 | G8: 8 | H8: 53 | I8: 174 | J8: 6 | K8: 0 | M8: 48 | N8: 178 | O8: 6 | P8: 0 | Q8: 1
A9: =IF(B9=B8, A8, A8+1) -> 1 | B9: Bus | C9: 2006 | D9: 92 | E9: 32 | F9: 4 | G9: 9 | H9: 21 | I9: 198 | J9: 1 | K9: 0 | M9: 15 | N9: 201 | O9: 1 | P9: 2 | Q9: 1
A10: =IF(B10=B9, A9, A9+1) -> 1 | B10: Bus | C10: 2007 | D10: 111 | E10: 56 | F10: 7 | G10: 17 | H10: 27 | I10: 362 | J10: 0 | K10: 0 | M10: 17 | N10: 369 | O10: 2 | P10: 1 | Q10: 0
A11: =IF(B11=B10, A10, A10+1) -> 1 | B11: Bus | C11: 2008 | D11: 141 | E11: 108 | F11: 8 | G11: 43 | H11: 14 | I11: 385 | J11: 4 | K11: 0 | M11: 12 | N11: 385 | O11: 5 | P11: 0 | Q11: 1
A12: =IF(B12=B11, A11, A11+1) -> 1 | B12: Bus | C12: 2009 | D12: 261 | E12: 129 | F12: 0 | G12: 25 | H12: 1 | I12: 45 | J12: 0 | K12: 0 | M12: 0 | N12: 42 | O12: 3 | P12: 1 | Q12: 0
A13: =IF(B13=B12, A12, A12+1) -> 1 | B13: Bus | C13: 2010 | D13: 105 | E13: 132 | F13: 0 | G13: 2 | H13: 2 | I13: 42 | J13: 0 | K13: 0 | M13: 2 | N13: 41 | O13: 0 | P13: 0 | Q13: 1
A14: =IF(B14=B13, A13, A13+1) -> 1 | B14: Bus | C14: 2011 | D14: 214 | E14: 92 | F14: 0 | G14: 2 | H14: 5 | I14: 20 | J14: 0 | K14: 0 | M14: 5 | N14: 18 | O14: 0 | P14: 1 | Q14: 1
... A24: =IF(B24=B23, A23, A23+1) -> 1 | B24: Bus | C24: 2021 | D24: 168 | E24: 187 | F24: 0 | G24: 5 | H24: 6 | I24: 22 | J24: 0 | K24: 0 | M24: 4 | N24: 22 | O24: 0 | P24: 0 | Q24: 2
B25: Bus | C25: 2022 | D25: 150 | E25: 277 | F25: 1 | G25: 6 | H25: 3 | I25: 40 | J25: 0 | K25: 0 | M25: 2 | N25: 38 | O25: 1 | P25: 1 | Q25: 1
B26: Bus | C26: 2023 | D26: 116 | E26: 202 | F26: 0 | G26: 1 | H26: 1 | I26: 44 | J26: 3 | K26: 0 | M26: 0 | N26: 43 | O26: 6 | P26: 0 | Q26: 0
A27: =IF(B27=B24, A24, A24+1) -> 2 | B27: LCV | C27: 2000 | D27: 5017 | E27: 8423 | F27: 811 | G27: 189 | H27: 119 | I27: 4751 | J27: 40 | K27: 8 | M27: 77 | N27: 4552 | O27: 64 | P27: 158 | Q27: 67
A28: =IF(B28=B27, A27, A27+1) -> 2 | B28: LCV | C28: 2001 | D28: 3177 | E28: 10409 | F28: 1286 | G28: 141 | H28: 122 | I28: 4616 | J28: 38 | K28: 18 | M28: 87 | N28: 4431 | O28: 56 | P28: 155 | Q28: 65
A29: =IF(B29=B28, A28, A28+1) -> 2 | B29: LCV | C29: 2002 | D29: 1188 | E29: 14019 | F29: 1613 | G29: 99 | H29: 135 | I29: 6478 | J29: 52 | K29: 18 | M29: 104 | N29: 6233 | O29: 81 | P29: 201 | Q29: 64
A30: =IF(B30=B29, A29, A29+1) -> 2 | B30: LCV | C30: 2003 | D30: 1627 | E30: 14604 | F30: 2007 | G30: 100 | H30: 243 | I30: 7749 | J30: 63 | K30: 4 | M30: 176 | N30: 7531 | O30: 106 | P30: 196 | Q30: 50
A31: =IF(B31=B30, A30, A30+1) -> 2 | B31: LCV | C31: 2004 | D31: 1902 | E31: 15915 | F31: 2429 | G31: 113 | H31: 420 | I31: 8855 | J31: 71 | K31: 6 | M31: 267 | N31: 8683 | O31: 131 | P31: 218 | Q31: 53
A32: =IF(B32=B31, A31, A31+1) -> 2 | B32: LCV | C32: 2005 | D32: 2069 | E32: 17401 | F32: 2263 | G32: 77 | H32: 487 | I32: 8288 | J32: 101 | K32: 4 | M32: 320 | N32: 8112 | O32: 153 | P32: 235 | Q32: 60
A33: =IF(B33=B32, A32, A32+1) -> 2 | B33: LCV | C33: 2006 | D33: 3031 | E33: 15852 | F33: 1438 | G33: 68 | H33: 411 | I33: 7162 | J33: 68 | K33: 7 | M33: 293 | N33: 6963 | O33: 141 | P33: 208 | Q33: 43
A34: =IF(B34=B33, A33, A33+1) -> 2 | B34: LCV | C34: 2007 | D34: 3614 | E34: 16965 | F34: 1090 | G34: 56 | H34: 367 | I34: 7469 | J34: 70 | K34: 4 | M34: 270 | N34: 7242 | O34: 158 | P34: 197 | Q34: 43
A35: =IF(B35=B34, A34, A34+1) -> 2 | B35: LCV | C35: 2008 | D35: 3149 | E35: 16062 | F35: 857 | G35: 56 | H35: 418 | I35: 4775 | J35: 65 | K35: 3 | M35: 330 | N35: 4568 | O35: 168 | P35: 166 | Q35: 29
A36: =IF(B36=B35, A35, A35+1) -> 2 | B36: LCV | C36: 2009 | D36: 1894 | E36: 11157 | F36: 478 | G36: 55 | H36: 251 | I36: 2339 | J36: 72 | K36: 8 | M36: 199 | N36: 2162 | O36: 131 | P36: 141 | Q36: 37
A37: =IF(B37=B36, A36, A36+1) -> 2 | B37: LCV | C37: 2010 | D37: 2084 | E37: 13977 | F37: 532 | G37: 50 | H37: 270 | I37: 2263 | J37: 73 | K37: 8 | M37: 223 | N37: 2066 | O37: 125 | P37: 156 | Q37: 44
A38: =IF(B38=B37, A37, A37+1) -> 2 | B38: LCV | C38: 2011 | D38: 2571 | E38: 15466 | F38: 361 | G38: 40 | H38: 339 | I38: 2601 | J38: 66 | K38: 7 | M38: 307 | N38: 2436 | O38: 93 | P38: 144 | Q38: 33
A39: =IF(B39=B38, A38, A38+1) -> 2 | B39: LCV | C39: 2012 | D39: 3158 | E39: 17964 | F39: 305 | G39: 54 | H39: 544 | I39: 2517 | J39: 67 | K39: 5 | M39: 542 | N39: 2305 | O39: 127 | P39: 133 | Q39: 26
... A48: =IF(B48=B47, A47, A47+1) -> 2 | B48: LCV | C48: 2021 | D48: 4409 | E48: 43779 | F48: 67 | G48: 40 | H48: 552 | I48: 4118 | J48: 136 | K48: 6 | M48: 409 | N48: 3442 | O48: 784 | P48: 157 | Q48: 20
B49: LCV | C49: 2022 | D49: 3471 | E49: 39077 | F49: 67 | G49: 54 | H49: 493 | I49: 4989 | J49: 128 | K49: 8 | M49: 309 | N49: 4348 | O49: 747 | P49: 193 | Q49: 21
B50: LCV | C50: 2023 | D50: 2835 | E50: 29366 | F50: 50 | G50: 43 | H50: 270 | I50: 4319 | J50: 81 | K50: 2 | M50: 205 | N50: 3902 | O50: 405 | P50: 145 | Q50: 15
A51: =IF(B51=B48, A48, A48+1) -> 3 | B51: LPV | C51: 2000 | D51: 12080 | E51: 32639 | F51: 14962 | G51: 656 | H51: 7529 | I51: 109940 | J51: 278 | K51: 47 | M51: 974 | N51: 113827 | O51: 448 | P51: 2087 | Q51: 458
A52: =IF(B52=B51, A51, A51+1) -> 3 | B52: LPV | C52: 2001 | D52: 15757 | E52: 29380 | F52: 15157 | G52: 558 | H52: 9338 | I52: 120825 | J52: 335 | K52: 56 | M52: 849 | N52: 126488 | O52: 527 | P52: 2298 | Q52: 392
A53: =IF(B53=B52, A52, A52+1) -> 3 | B53: LPV | C53: 2002 | D53: 18535 | E53: 31420 | F53: 16382 | G53: 524 | H53: 11624 | I53: 126480 | J53: 325 | K53: 40 | M53: 910 | N53: 134102 | O53: 568 | P53: 2494 | Q53: 395
A54: =IF(B54=B53, A53, A53+1) -> 3 | B54: LPV | C54: 2003 | D54: 18930 | E54: 34624 | F54: 18862 | G54: 407 | H54: 15384 | I54: 143377 | J54: 389 | K54: 33 | M54: 1014 | N54: 154046 | O54: 707 | P54: 3046 | Q54: 370
A55: =IF(B55=B54, A54, A54+1) -> 3 | B55: LPV | C55: 2004 | D55: 19143 | E55: 38133 | F55: 19027 | G55: 372 | H55: 18292 | I55: 137519 | J55: 422 | K55: 29 | M55: 1279 | N55: 150563 | O55: 761 | P55: 3332 | Q55: 327
A56: =IF(B56=B55, A55, A55+1) -> 3 | B56: LPV | C56: 2005 | D56: 19429 | E56: 42010 | F56: 17646 | G56: 308 | H56: 19571 | I56: 134854 | J56: 436 | K56: 27 | M56: 1472 | N56: 148770 | O56: 845 | P56: 3477 | Q56: 324
A57: =IF(B57=B56, A56, A56+1) -> 3 | B57: LPV | C57: 2006 | D57: 16806 | E57: 46369 | F57: 14974 | G57: 273 | H57: 19396 | I57: 106572 | J57: 403 | K57: 22 | M57: 1650 | N57: 120575 | O57: 887 | P57: 2988 | Q57: 293
A58: =IF(B58=B57, A57, A57+1) -> 3 | B58: LPV | C58: 2007 | D58: 16647 | E58: 47554 | F58: 14946 | G58: 266 | H58: 22002 | I58: 101372 | J58: 433 | K58: 21 | M58: 1648 | N58: 117778 | O58: 824 | P58: 3286 | Q58: 292
A59: =IF(B59=B58, A58, A58+1) -> 3 | B59: LPV | C59: 2008 | D59: 14641 | E59: 48623 | F59: 11738 | G59: 259 | H59: 18326 | I59: 75804 | J59: 344 | K59: 28 | M59: 1870 | N59: 88686 | O59: 796 | P59: 2841 | Q59: 309
A60: =IF(B60=B59, A59, A59+1) -> 3 | B60: LPV | C60: 2009 | D60: 12110 | E60: 36316 | F60: 8045 | G60: 256 | H60: 10338 | I60: 62560 | J60: 307 | K60: 24 | M60: 1380 | N60: 68094 | O60: 738 | P60: 2782 | Q60: 235
A61: =IF(B61=B60, A60, A60+1) -> 3 | B61: LPV | C61: 2010 | D61: 13431 | E61: 42074 | F61: 8548 | G61: 261 | H61: 12077 | I61: 80198 | J61: 309 | K61: 22 | M61: 1680 | N61: 87271 | O61: 786 | P61: 2618 | Q61: 251
A62: =IF(B62=B61, A61, A61+1) -> 3 | B62: LPV | C62: 2011 | D62: 14288 | E62: 43442 | F62: 8135 | G62: 228 | H62: 12388 | I62: 71438 | J62: 293 | K62: 15 | M62: 2345 | N62: 78401 | O62: 788 | P62: 2403 | Q62: 197
A63: =IF(B63=B62, A62, A62+1) -> 3 | B63: LPV | C63: 2012 | D63: 19263 | E63: 50209 | F63: 9431 | G63: 231 | H63: 10762 | I63: 70828 | J63: 264 | K63: 28 | M63: 3740 | N63: 74667 | O63: 849 | P63: 2416 | Q63: 210
... A72: =IF(B72=B71, A71, A71+1) -> 3 | B72: LPV | C72: 2021 | D72: 26802 | E72: 85623 | F72: 344 | G72: 187 | H72: 23083 | I72: 101407 | J72: 318 | K72: 17 | M72: 2361 | N72: 118458 | O72: 2180 | P72: 1692 | Q72: 135
B73: LPV | C73: 2022 | D73: 24412 | E73: 93428 | F73: 358 | G73: 175 | H73: 19408 | I73: 94977 | J73: 237 | K73: 19 | M73: 1564 | N73: 109255 | O73: 1742 | P73: 1975 | Q73: 109
B74: LPV | C74: 2023 | D74: 25157 | E74: 86659 | F74: 343 | G74: 143 | H74: 11907 | I74: 107122 | J74: 135 | K74: 12 | M74: 811 | N74: 115574 | O74: 950 | P74: 1745 | Q74: 98
A75: =IF(B75=B72, A72, A72+1) -> 4 | B75: Light | C75: 2000 | D75: 17097 | E75: 41062 | F75: 15773 | G75: 845 | H75: 7648 | I75: 114691 | J75: 318 | K75: 55 | M75: 1051 | N75: 118379 | O75: 512 | P75: 2245 | Q75: 525
A76: =IF(B76=B75, A75, A75+1) -> 4 | B76: Light | C76: 2001 | D76: 18934 | E76: 39789 | F76: 16443 | G76: 699 | H76: 9460 | I76: 125441 | J76: 373 | K76: 74 | M76: 936 | N76: 130919 | O76: 583 | P76: 2453 | Q76: 457
A77: =IF(B77=B76, A76, A76+1) -> 4 | B77: Light | C77: 2002 | D77: 19723 | E77: 45439 | F77: 17995 | G77: 623 | H77: 11759 | I77: 132958 | J77: 377 | K77: 58 | M77: 1014 | N77: 140335 | O77: 649 | P77: 2695 | Q77: 459
A78: =IF(B78=B77, A77, A77+1) -> 4 | B78: Light | C78: 2003 | D78: 20557 | E78: 49228 | F78: 20869 | G78: 507 | H78: 15627 | I78: 151126 | J78: 452 | K78: 37 | M78: 1190 | N78: 161577 | O78: 813 | P78: 3242 | Q78: 420
A79: =IF(B79=B78, A78, A78+1) -> 4 | B79: Light | C79: 2004 | D79: 21045 | E79: 54048 | F79: 21456 | G79: 485 | H79: 18712 | I79: 146374 | J79: 493 | K79: 35 | M79: 1546 | N79: 159246 | O79: 892 | P79: 3550 | Q79: 380
A80: =IF(B80=B79, A79, A79+1) -> 4 | B80: Light | C80: 2005 | D80: 21498 | E80: 59411 | F80: 19909 | G80: 385 | H80: 20058 | I80: 143142 | J80: 537 | K80: 31 | M80: 1792 | N80: 156882 | O80: 998 | P80: 3712 | Q80: 384
A81: =IF(B81=B80, A80, A80+1) -> 4 | B81: Light | C81: 2006 | D81: 19837 | E81: 62221 | F81: 16412 | G81: 341 | H81: 19807 | I81: 113734 | J81: 471 | K81: 29 | M81: 1943 | N81: 127538 | O81: 1028 | P81: 3196 | Q81: 336
A82: =IF(B82=B81, A81, A81+1) -> 4 | B82: Light | C82: 2007 | D82: 20261 | E82: 64519 | F82: 16036 | G82: 322 | H82: 22369 | I82: 108841 | J82: 503 | K82: 25 | M82: 1918 | N82: 125020 | O82: 982 | P82: 3483 | Q82: 335
A83: =IF(B83=B82, A82, A82+1) -> 4 | B83: Light | C83: 2008 | D83: 17790 | E83: 64685 | F83: 12595 | G83: 315 | H83: 18744 | I83: 80579 | J83: 409 | K83: 31 | M83: 2200 | N83: 93254 | O83: 964 | P83: 3007 | Q83: 338
A84: =IF(B84=B83, A83, A83+1) -> 4 | B84: Light | C84: 2009 | D84: 14004 | E84: 47473 | F84: 8523 | G84: 311 | H84: 10589 | I84: 64899 | J84: 379 | K84: 32 | M84: 1579 | N84: 70256 | O84: 869 | P84: 2923 | Q84: 272
A85: =IF(B85=B84, A84, A84+1) -> 4 | B85: Light | C85: 2010 | D85: 15515 | E85: 56051 | F85: 9080 | G85: 311 | H85: 12347 | I85: 82461 | J85: 382 | K85: 30 | M85: 1903 | N85: 89337 | O85: 911 | P85: 2774 | Q85: 295
A86: =IF(B86=B85, A85, A85+1) -> 4 | B86: Light | C86: 2011 | D86: 16859 | E86: 58908 | F86: 8496 | G86: 268 | H86: 12727 | I86: 74039 | J86: 359 | K86: 22 | M86: 2652 | N86: 80837 | O86: 881 | P86: 2547 | Q86: 230
A87: =IF(B87=B86, A86, A86+1) -> 4 | B87: Light | C87: 2012 | D87: 22421 | E87: 68173 | F87: 9736 | G87: 285 | H87: 11306 | I87: 73345 | J87: 331 | K87: 33 | M87: 4282 | N87: 76972 | O87: 976 | P87: 2549 | Q87: 236
... A96: =IF(B96=B95, A95, A95+1) -> 4 | B96: Light | C96: 2021 | D96: 31211 | E96: 129402 | F96: 411 | G96: 227 | H96: 23635 | I96: 105525 | J96: 454 | K96: 23 | M96: 2770 | N96: 121900 | O96: 2964 | P96: 1849 | Q96: 155
B97: Light | C97: 2022 | D97: 27883 | E97: 132505 | F97: 425 | G97: 229 | H97: 19901 | I97: 99966 | J97: 365 | K97: 27 | M97: 1873 | N97: 113603 | O97: 2489 | P97: 2168 | Q97: 130
B98: Light | C98: 2023 | D98: 27992 | E98: 116025 | F98: 393 | G98: 186 | H98: 12177 | I98: 111441 | J98: 216 | K98: 14 | M98: 1016 | N98: 119476 | O98: 1355 | P98: 1890 | Q98: 113
A99: =IF(B99=B96, A96, A96+1) -> 5 | B99: Mcycl | C99: 2000 | D99: 1331 | E99: 2924 | F99: 6 | G99: 107 | H99: 519 | I99: 1417 | J99: 29 | K99: 390 | M99: 337 | N99: 841 | O99: 99 | P99: 282 | Q99: 796
A100: =IF(B100=B99, A99, A99+1) -> 5 | B100: Mcycl | C100: 2001 | D100: 1502 | E100: 2810 | F100: 7 | G100: 97 | H100: 497 | I100: 1473 | J100: 18 | K100: 369 | M100: 310 | N100: 906 | O100: 100 | P100: 297 | Q100: 744
A101: =IF(B101=B100, A100, A100+1) -> 5 | B101: Mcycl | C101: 2002 | D101: 1592 | E101: 2851 | F101: 6 | G101: 86 | H101: 606 | I101: 1707 | J101: 38 | K101: 314 | M101: 428 | N101: 1192 | O101: 119 | P101: 276 | Q101: 650
A102: =IF(B102=B101, A101, A101+1) -> 5 | B102: Mcycl | C102: 2003 | D102: 1691 | E102: 3620 | F102: 2 | G102: 164 | H102: 669 | I102: 1991 | J102: 38 | K102: 274 | M102: 437 | N102: 1465 | O102: 154 | P102: 280 | Q102: 636
A103: =IF(B103=B102, A102, A102+1) -> 5 | B103: Mcycl | C103: 2004 | D103: 1915 | E103: 5230 | F103: 4 | G103: 246 | H103: 895 | I103: 1933 | J103: 49 | K103: 217 | M103: 553 | N103: 1524 | O103: 160 | P103: 304 | Q103: 553
A104: =IF(B104=B103, A103, A103+1) -> 5 | B104: Mcycl | C104: 2005 | D104: 2398 | E104: 7689 | F104: 31 | G104: 808 | H104: 1423 | I104: 1992 | J104: 83 | K104: 273 | M104: 698 | N104: 1730 | O104: 237 | P104: 376 | Q104: 730
A105: =IF(B105=B104, A104, A104+1) -> 5 | B105: Mcycl | C105: 2006 | D105: 2752 | E105: 9384 | F105: 19 | G105: 667 | H105: 1712 | I105: 2354 | J105: 67 | K105: 287 | M105: 841 | N105: 2145 | O105: 208 | P105: 386 | Q105: 840
A106: =IF(B106=B105, A105, A105+1) -> 5 | B106: Mcycl | C106: 2007 | D106: 3112 | E106: 10245 | F106: 9 | G106: 605 | H106: 1983 | I106: 2393 | J106: 85 | K106: 255 | M106: 830 | N106: 2565 | O106: 196 | P106: 385 | Q106: 740
A107: =IF(B107=B106, A106, A106+1) -> 5 | B107: Mcycl | C107: 2008 | D107: 3335 | E107: 11984 | F107: 9 | G107: 634 | H107: 2235 | I107: 2593 | J107: 79 | K107: 347 | M107: 1066 | N107: 2616 | O107: 214 | P107: 416 | Q107: 942
A108: =IF(B108=B107, A107, A107+1) -> 5 | B108: Mcycl | C108: 2009 | D108: 2609 | E108: 6386 | F108: 6 | G108: 355 | H108: 1285 | I108: 1798 | J108: 69 | K108: 303 | M108: 823 | N108: 1290 | O108: 193 | P108: 351 | Q108: 798
A109: =IF(B109=B108, A108, A108+1) -> 5 | B109: Mcycl | C109: 2010 | D109: 2335 | E109: 4737 | F109: 4 | G109: 275 | H109: 1190 | I109: 1442 | J109: 79 | K109: 298 | M109: 907 | N109: 832 | O109: 231 | P109: 322 | Q109: 717
A110: =IF(B110=B109, A109, A109+1) -> 5 | B110: Mcycl | C110: 2011 | D110: 2047 | E110: 5054 | F110: 9 | G110: 202 | H110: 1107 | I110: 1287 | J110: 31 | K110: 258 | M110: 887 | N110: 620 | O110: 159 | P110: 347 | Q110: 670
A111: =IF(B111=B110, A110, A110+1) -> 5 | B111: Mcycl | C111: 2012 | D111: 2214 | E111: 4484 | F111: 5 | G111: 50 | H111: 1085 | I111: 926 | J111: 29 | K111: 157 | M111: 901 | N111: 315 | O111: 190 | P111: 308 | Q111: 483
... A120: =IF(B120=B119, A119, A119+1) -> 5 | B120: Mcycl | C120: 2021 | D120: 3848 | E120: 8005 | F120: 16 | G120: 30 | H120: 1784 | I120: 947 | J120: 13 | K120: 133 | M120: 1052 | N120: 766 | O120: 223 | P120: 312 | Q120: 524
B121: Mcycl | C121: 2022 | D121: 3488 | E121: 8170 | F121: 11 | G121: 37 | H121: 1393 | I121: 907 | J121: 12 | K121: 111 | M121: 815 | N121: 623 | O121: 203 | P121: 310 | Q121: 476
B122: Mcycl | C122: 2023 | D122: 3194 | E122: 6787 | F122: 24 | G122: 188 | H122: 1163 | I122: 820 | J122: 15 | K122: 133 | M122: 670 | N122: 569 | O122: 185 | P122: 242 | Q122: 466
A123: =IF(B123=B120, A120, A120+1) -> 6 | B123: Other | C123: 2000 | D123: 1261 | E123: 337 | F123: 22 | G123: 351 | H123: 884 | I123: 475 | J123: 28 | K123: 847 | M123: 131 | N123: 208 | O123: 26 | P123: 64 | Q123: 1805
A124: =IF(B124=B123, A123, A123+1) -> 6 | B124: Other | C124: 2001 | D124: 1914 | E124: 351 | F124: 47 | G124: 453 | H124: 972 | I124: 453 | J124: 39 | K124: 852 | M124: 122 | N124: 218 | O124: 28 | P124: 58 | Q124: 1890
A125: =IF(B125=B124, A124, A124+1) -> 6 | B125: Other | C125: 2002 | D125: 2363 | E125: 398 | F125: 55 | G125: 516 | H125: 1045 | I125: 481 | J125: 32 | K125: 835 | M125: 162 | N125: 247 | O125: 29 | P125: 68 | Q125: 1887
A126: =IF(B126=B125, A125, A125+1) -> 6 | B126: Other | C126: 2003 | D126: 2197 | E126: 573 | F126: 37 | G126: 480 | H126: 1096 | I126: 656 | J126: 39 | K126: 830 | M126: 184 | N126: 376 | O126: 32 | P126: 66 | Q126: 1963
A127: =IF(B127=B126, A126, A126+1) -> 6 | B127: Other | C127: 2004 | D127: 2364 | E127: 602 | F127: 40 | G127: 451 | H127: 1076 | I127: 739 | J127: 29 | K127: 889 | M127: 211 | N127: 457 | O127: 18 | P127: 96 | Q127: 1951
A128: =IF(B128=B127, A127, A127+1) -> 6 | B128: Other | C128: 2005 | D128: 2597 | E128: 778 | F128: 52 | G128: 491 | H128: 1087 | I128: 837 | J128: 30 | K128: 730 | M128: 220 | N128: 486 | O128: 26 | P128: 82 | Q128: 1870
A129: =IF(B129=B128, A128, A128+1) -> 6 | B129: Other | C129: 2006 | D129: 2075 | E129: 883 | F129: 40 | G129: 488 | H129: 919 | I129: 791 | J129: 22 | K129: 660 | M129: 178 | N129: 397 | O129: 17 | P129: 73 | Q129: 1727
A130: =IF(B130=B129, A129, A129+1) -> 6 | B130: Other | C130: 2007 | D130: 2063 | E130: 988 | F130: 50 | G130: 600 | H130: 742 | I130: 519 | J130: 23 | K130: 438 | M130: 203 | N130: 382 | O130: 21 | P130: 75 | Q130: 1041
A131: =IF(B131=B130, A130, A130+1) -> 6 | B131: Other | C131: 2008 | D131: 2510 | E131: 1010 | F131: 60 | G131: 562 | H131: 766 | I131: 491 | J131: 25 | K131: 467 | M131: 193 | N131: 331 | O131: 26 | P131: 106 | Q131: 1095
A132: =IF(B132=B131, A131, A131+1) -> 6 | B132: Other | C132: 2009 | D132: 1862 | E132: 679 | F132: 59 | G132: 463 | H132: 898 | I132: 451 | J132: 23 | K132: 675 | M132: 389 | N132: 313 | O132: 21 | P132: 324 | Q132: 1000
A133: =IF(B133=B132, A132, A132+1) -> 6 | B133: Other | C133: 2010 | D133: 1508 | E133: 706 | F133: 44 | G133: 282 | H133: 1023 | I133: 548 | J133: 20 | K133: 640 | M133: 589 | N133: 413 | O133: 24 | P133: 440 | Q133: 765
A134: =IF(B134=B133, A133, A133+1) -> 6 | B134: Other | C134: 2011 | D134: 1733 | E134: 658 | F134: 31 | G134: 277 | H134: 1075 | I134: 778 | J134: 28 | K134: 663 | M134: 672 | N134: 614 | O134: 32 | P134: 616 | Q134: 610
A135: =IF(B135=B134, A134, A134+1) -> 6 | B135: Other | C135: 2012 | D135: 2125 | E135: 734 | F135: 29 | G135: 280 | H135: 1106 | I135: 591 | J135: 19 | K135: 610 | M135: 678 | N135: 455 | O135: 13 | P135: 597 | Q135: 584
... A144: =IF(B144=B143, A143, A143+1) -> 6 | B144: Other | C144: 2021 | D144: 2777 | E144: 1562 | F144: 19 | G144: 362 | H144: 1183 | I144: 747 | J144: 31 | K144: 587 | M144: 705 | N144: 578 | O144: 34 | P144: 658 | Q144: 583
B145: Other | C145: 2022 | D145: 2988 | E145: 1681 | F145: 33 | G145: 316 | H145: 1009 | I145: 651 | J145: 24 | K145: 574 | M145: 647 | N145: 504 | O145: 32 | P145: 641 | Q145: 441
B146: Other | C146: 2023 | D146: 2750 | E146: 1472 | F146: 46 | G146: 365 | H146: 1010 | I146: 676 | J146: 25 | K146: 433 | M146: 637 | N146: 510 | O146: 30 | P146: 498 | Q146: 477
A147: =IF(B147=B144, A144, A144+1) -> 7 | B147: Truck | C147: 2000 | D147: 969 | E147: 1758 | F147: 174 | G147: 97 | H147: 126 | I147: 2676 | J147: 12 | K147: 6 | M147: 67 | N147: 2630 | O147: 51 | P147: 37 | Q147: 35
A148: =IF(B148=B147, A147, A147+1) -> 7 | B148: Truck | C148: 2001 | D148: 904 | E148: 1675 | F148: 179 | G148: 83 | H148: 120 | I148: 2813 | J148: 17 | K148: 6 | M148: 83 | N148: 2777 | O148: 31 | P148: 23 | Q148: 42
A149: =IF(B149=B148, A148, A148+1) -> 7 | B149: Truck | C149: 2002 | D149: 965 | E149: 2097 | F149: 300 | G149: 55 | H149: 147 | I149: 3892 | J149: 21 | K149: 5 | M149: 86 | N149: 3842 | O149: 45 | P149: 46 | Q149: 46
...

Sheet 7.1,7.2
D1: Average vehicle age leaving the fleet | N1: Back to Contents
B2: Type | C2: Year out | D2: New Average Age | E2: New Vehicles | F2: Used Average Age | G2: Used Vehicles | I2: Petrol Average Age | J2: Petrol Vehicles | K2: Diesel Average Age | L2: Diesel Vehicles
A3: =IF(B3=B2, A2, A2+1) -> 1 | B3: Bus | C3: 2001 | D3: 26.745763 | E3: 59 | F3: 17.583333 | G3: 12 | I3: 29.761905 | J3: 21 | K3: 23.326531 | L3: 49
A4: =IF(B4=B3, A3, A3+1) -> 1 | B4: Bus | C4: 2002 | D4: 27.513158 | E4: 76 | F4: 15.777778 | G4: 18 | I4: 29.619048 | J4: 21 | K4: 24.125 | L4: 72
A5: =IF(B5=B4, A4, A4+1) -> 1 | B5: Bus | C5: 2003 | D5: 27.423529 | E5: 85 | F5: 18.35 | G5: 20 | I5: 32.5 | J5: 24 | K5: 23.679012 | L5: 81
A6: =IF(B6=B5, A5, A5+1) -> 1 | B6: Bus | C6: 2004 | D6: 28.880597 | E6: 67 | F6: 18.947368 | G6: 38 | I6: 34.533333 | J6: 15 | K6: 23.744444 | L6: 90
A7: =IF(B7=B6, A6, A6+1) -> 1 | B7: Bus | C7: 2005 | D7: 30.657143 | E7: 70 | F7: 20.615385 | G7: 39 | I7: 37 | J7: 15 | K7: 25.478723 | L7: 94
A8: =IF(B8=B7, A7, A7+1) -> 1 | B8: Bus | C8: 2006 | D8: 27.987179 | E8: 78 | F8: 17.702703 | G8: 37 | I8: 33.913043 | J8: 23 | K8: 22.395604 | L8: 91
A9: =IF(B9=B8, A8, A8+1) -> 1 | B9: Bus | C9: 2007 | D9: 30.623529 | E9: 85 | F9: 20.661017 | G9: 59 | I9: 34.727273 | J9: 22 | K9: 25.117647 | L9: 119
A10: =IF(B10=B9, A9, A9+1) -> 1 | B10: Bus | C10: 2008 | D10: 28.108108 | E10: 111 | F10: 22.425 | G10: 40 | I10: 33.133333 | J10: 15 | K10: 26.138889 | L10: 108
A11: =IF(B11=B10, A10, A10+1) -> 1 | B11: Bus | C11: 2009 | D11: 27.504425 | E11: 113 | F11: 22.152174 | G11: 46 | I11: 27.333333 | J11: 12 | K11: 25.951613 | L11: 124
A12: =IF(B12=B11, A11, A11+1) -> 1 | B12: Bus | C12: 2010 | D12: 30.009434 | E12: 106 | F12: 22.225806 | G12: 62 | I12: 37 | J12: 21 | K12: 25.727891 | L12: 147
A13: =IF(B13=B12, A12, A12+1) -> 1 | B13: Bus | C13: 2011 | D13: 28.393548 | E13: 155 | F13: 23.324675 | G13: 77 | I13: 33.52 | J13: 25 | K13: 25.868932 | L13: 206
A14: =IF(B14=B13, A13, A13+1) -> 1 | B14: Bus | C14: 2012 | D14: 24.184358 | E14: 179 | F14: 24.84127 | G14: 63 | I14: 30.466667 | J14: 15 | K14: 24.151786 | L14: 224
... A23: =IF(B23=B22, A22, A22+1) -> 1 | B23: Bus | C23: 2021 | D23: 22.409091 | E23: 132 | F23: 27.539823 | G23: 113 | I23: 55.333333 | J23: 6 | K23: 25.745192 | L23: 208
B24: Bus | C24: 2022 | D24: 24.92 | E24: 125 | F24: 29.697674 | G24: 129 | I24: 44 | J24: 3 | K24: 27.204 | L24: 250
A25: =IF(B25=B23, A23, A23+1) -> 2 | B25: LCV | C25: 2001 | D25: 18.743698 | E25: 11861 | F25: 16.006628 | G25: 5281 | I25: 19.073229 | J25: 12495 | K25: 14.747149 | L25: 4647
A26: =IF(B26=B25, A25, A25+1) -> 2 | B26: LCV | C26: 2002 | D26: 18.721069 | E26: 11942 | F26: 16.485558 | G26: 5678 | I26: 19.291444 | J26: 12366 | K26: 14.960594 | L26: 5253
A27: =IF(B27=B26, A26, A26+1) -> 2 | B27: LCV | C27: 2003 | D27: 19.19809 | E27: 11621 | F27: 16.915062 | G27: 6075 | I27: 19.721343 | J27: 11882 | K27: 15.742818 | L27: 5813
A28: =IF(B28=B27, A27, A27+1) -> 2 | B28: LCV | C28: 2004 | D28: 19.363895 | E28: 11616 | F28: 17.574674 | G28: 6515 | I28: 20.296825 | J28: 11842 | K28: 15.753697 | L28: 6289
A29: =IF(B29=B28, A28, A28+1) -> 2 | B29: LCV | C29: 2005 | D29: 19.321432 | E29: 11511 | F29: 17.821051 | G29: 7002 | I29: 20.386061 | J29: 11493 | K29: 16.081909 | L29: 7020
A30: =IF(B30=B29, A29, A29+1) -> 2 | B30: LCV | C30: 2006 | D30: 19.282541 | E30: 11547 | F30: 18.286375 | G30: 7354 | I30: 20.591795 | J30: 11188 | K30: 16.433619 | L30: 7713
A31: =IF(B31=B30, A30, A30+1) -> 2 | B31: LCV | C31: 2007 | D31: 19.357588 | E31: 11558 | F31: 18.770587 | G31: 7262 | I31: 20.987885 | J31: 10813 | K31: 16.622908 | L31: 8006
A32: =IF(B32=B31, A31, A31+1) -> 2 | B32: LCV | C32: 2008 | D32: 19.065593 | E32: 11922 | F32: 19.149494 | G32: 7706 | I32: 21.158186 | J32: 10494 | K32: 16.732209 | L32: 9134
A33: =IF(B33=B32, A32, A32+1) -> 2 | B33: LCV | C33: 2009 | D33: 19.066483 | E33: 10875 | F33: 19.538371 | G33: 6763 | I33: 21.564091 | J33: 8995 | K33: 16.836399 | L33: 8643
A34: =IF(B34=B33, A33, A33+1) -> 2 | B34: LCV | C34: 2010 | D34: 19.322437 | E34: 11472 | F34: 20.193997 | G34: 6763 | I34: 22.27114 | J34: 8763 | K34: 17.216744 | L34: 9472
A35: =IF(B35=B34, A34, A34+1) -> 2 | B35: LCV | C35: 2011 | D35: 19.202773 | E35: 13128 | F35: 20.657147 | G35: 7528 | I35: 22.405729 | J35: 9356 | K35: 17.519735 | L35: 11300
A36: =IF(B36=B35, A35, A35+1) -> 2 | B36: LCV | C36: 2012 | D36: 19.337326 | E36: 10186 | F36: 20.990603 | G36: 5853 | I36: 22.86467 | J36: 6813 | K36: 17.779837 | L36: 9225
A37: =IF(B37=B36, A36, A36+1) -> 2 | B37: LCV | C37: 2013 | D37: 19.171134 | E37: 9513 | F37: 21.414889 | G37: 5158 | I37: 23.026013 | J37: 6074 | K37: 17.79139 | L37: 8595
... A45: =IF(B45=B44, A44, A44+1) -> 2 | B45: LCV | C45: 2021 | D45: 18.954514 | E45: 14312 | F45: 23.227055 | G45: 5426 | I45: 24.239137 | J45: 6352 | K45: 18.188037 | L45: 13375
B46: LCV | C46: 2022 | D46: 18.458449 | E46: 14464 | F46: 23.3891 | G46: 5009 | I46: 24.089121 | J46: 5947 | K46: 17.820321 | L46: 13513
A47: =IF(B47=B45, A45, A45+1) -> 3 | B47: LPV | C47: 2001 | D47: 18.13778 | E47: 80099 | F47: 15.154057 | G47: 43354 | I47: 17.259735 | J47: 118444 | K47: 13.06632 | L47: 5006
A48: =IF(B48=B47, A47, A47+1) -> 3 | B48: LPV | C48: 2002 | D48: 18.297878 | E48: 76251 | F48: 15.284645 | G48: 48499 | I48: 17.296399 | J48: 118811 | K48: 13.724225 | L48: 5936
A49: =IF(B49=B48, A48, A48+1) -> 3 | B49: LPV | C49: 2003 | D49: 18.327181 | E49: 73036 | F49: 15.412165 | G49: 55189 | I49: 17.244456 | J49: 121036 | K49: 14.17805 | L49: 7189
A50: =IF(B50=B49, A49, A49+1) -> 3 | B50: LPV | C50: 2004 | D50: 18.431745 | E50: 72888 | F50: 15.579025 | G50: 64087 | I50: 17.23965 | J50: 128575 | K50: 14.913799 | L50: 8399
A51: =IF(B51=B50, A50, A50+1) -> 3 | B51: LPV | C51: 2005 | D51: 18.352253 | E51: 71670 | F51: 15.622396 | G51: 74798 | I51: 17.085372 | J51: 136450 | K51: 15.225339 | L51: 10016
A52: =IF(B52=B51, A51, A51+1) -> 3 | B52: LPV | C52: 2006 | D52: 18.379354 | E52: 68838 | F52: 15.772303 | G52: 83352 | I52: 17.055066 | J52: 140686 | K52: 15.684082 | L52: 11503
A53: =IF(B53=B52, A52, A52+1) -> 3 | B53: LPV | C53: 2007 | D53: 18.399934 | E53: 66921 | F53: 16.06037 | G53: 90359 | I53: 17.124675 | J53: 145053 | K53: 16.237505 | L53: 12225
A54: =IF(B54=B53, A53, A53+1) -> 3 | B54: LPV | C54: 2008 | D54: 18.404847 | E54: 64449 | F54: 16.445937 | G54: 94047 | I54: 17.27538 | J54: 145595 | K54: 16.87125 | L54: 12901
A55: =IF(B55=B54, A54, A54+1) -> 3 | B55: LPV | C55: 2009 | D55: 18.48463 | E55: 55044 | F55: 16.859879 | G55: 85533 | I55: 17.511633 | J55: 128770 | K55: 17.327065 | L55: 11805
A56: =IF(B56=B55, A55, A55+1) -> 3 | B56: LPV | C56: 2010 | D56: 18.815747 | E56: 53253 | F56: 17.313772 | G56: 86582 | I56: 17.875164 | J56: 127704 | K56: 17.997362 | L56: 12131
A57: =IF(B57=B56, A56, A56+1) -> 3 | B57: LPV | C57: 2011 | D57: 18.771993 | E57: 58678 | F57: 17.781682 | G57: 103292 | I57: 18.09729 | J57: 147482 | K57: 18.578657 | L57: 14487
A58: =IF(B58=B57, A57, A57+1) -> 3 | B58: LPV | C58: 2012 | D58: 19.047192 | E58: 45665 | F58: 18.324507 | G58: 81117 | I58: 18.523312 | J58: 115539 | K58: 19.21806 | L58: 11240
A59: =IF(B59=B58, A58, A58+1) -> 3 | B59: LPV | C59: 2013 | D59: 18.870192 | E59: 46538 | F59: 18.724259 | G59: 85983 | I59: 18.693856 | J59: 121884 | K59: 19.712768 | L59: 10636
... A67: =IF(B67=B66, A66, A66+1) -> 3 | B67: LPV | C67: 2021 | D67: 18.98768 | E67: 63473 | F67: 20.059177 | G67: 123207 | I67: 19.614065 | J67: 176501 | K67: 21.295149 | L67: 10039
B68: LPV | C68: 2022 | D68: 18.889942 | E68: 61695 | F68: 20.042186 | G68: 120941 | I68: 19.612086 | J68: 172309 | K68: 20.595932 | L68: 10127
A69: =IF(B69=B67, A67, A67+1) -> 4 | B69: Light | C69: 2001 | D69: 18.215931 | E69: 91960 | F69: 15.246633 | G69: 48635 | I69: 17.432789 | J69: 130939 | K69: 13.875479 | L69: 9653
A70: =IF(B70=B69, A69, A69+1) -> 4 | B70: Light | C70: 2002 | D70: 18.355181 | E70: 88193 | F70: 15.410506 | G70: 54177 | I70: 17.484471 | J70: 131177 | K70: 14.304674 | L70: 11189
A71: =IF(B71=B70, A70, A70+1) -> 4 | B71: Light | C71: 2003 | D71: 18.444003 | E71: 84245 | F71: 15.557943 | G71: 60922 | I71: 17.463229 | J71: 132252 | K71: 14.873083 | L71: 12914
A72: =IF(B72=B71, A71, A71+1) -> 4 | B72: Light | C72: 2004 | D72: 18.552538 | E72: 83444 | F72: 15.757738 | G72: 69718 | I72: 17.492892 | J72: 138655 | K72: 15.249 | L72: 14506
A73: =IF(B73=B72, A72, A72+1) -> 4 | B73: Light | C73: 2005 | D73: 18.474797 | E73: 81519 | F73: 15.794344 | G73: 80158 | I73: 17.327908 | J73: 145007 | K73: 15.562035 | L73: 16668
A74: =IF(B74=B73, A73, A73+1) -> 4 | B74: Light | C74: 2006 | D74: 18.479125 | E74: 78371 | F74: 15.955755 | G74: 88258 | I74: 17.293544 | J74: 147930 | K74: 15.947615 | L74: 18698
A75: =IF(B75=B74, A74, A74+1) -> 4 | B75: Light | C75: 2007 | D75: 18.501387 | E75: 76075 | F75: 16.232279 | G75: 94451 | I75: 17.360258 | J75: 150996 | K75: 16.348876 | L75: 19527
A76: =IF(B76=B75, A75, A75+1) -> 4 | B76: Light | C76: 2008 | D76: 18.453739 | E76: 73637 | F76: 16.621399 | G76: 97649 | I76: 17.502492 | J76: 150279 | K76: 16.741277 | L76: 21007
A77: =IF(B77=B76, A76, A76+1) -> 4 | B77: Light | C77: 2009 | D77: 18.507641 | E77: 63407 | F77: 17.02174 | G77: 88042 | I77: 17.732846 | J77: 131999 | K77: 17.040261 | L77: 19448
A78: =IF(B78=B77, A77, A77+1) -> 4 | B78: Light | C78: 2010 | D78: 18.810018 | E78: 61769 | F78: 17.482419 | G78: 88251 | I78: 18.100553 | J78: 129703 | K78: 17.572525 | L78: 20317
A79: =IF(B79=B78, A78, A78+1) -> 4 | B79: Light | C79: 2011 | D79: 18.761194 | E79: 68294 | F79: 17.934779 | G79: 104406 | I79: 18.301095 | J79: 148732 | K79: 18.015688 | L79: 23967
A80: =IF(B80=B79, A79, A79+1) -> 4 | B80: Light | C80: 2012 | D80: 18.982644 | E80: 52949 | F80: 18.449206 | G80: 81702 | I80: 18.695996 | J80: 115722 | K80: 18.432715 | L80: 18927
A81: =IF(B81=B80, A80, A80+1) -> 4 | B81: Light | C81: 2013 | D81: 18.79907 | E81: 52889 | F81: 18.80087 | G81: 85035 | I81: 18.817659 | J81: 120346 | K81: 18.681459 | L81: 17577
... A89: =IF(B89=B88, A88, A88+1) -> 4 | B89: Light | C89: 2021 | D89: 18.818679 | E89: 74095 | F89: 20.061457 | G89: 123453 | I89: 19.663222 | J89: 175929 | K89: 19.1284 | L89: 21472
B90: Light | C90: 2022 | D90: 18.632602 | E90: 72529 | F90: 20.0527 | G90: 121214 | I90: 19.653595 | J90: 171796 | K90: 18.594581 | L90: 21738
A91: =IF(B91=B89, A89, A89+1) -> 5 | B91: Mcycl | C91: 2001 | D91: 13.842975 | E91: 3509 | F91: 17.384357 | G91: 2084 | I91: 15.162525 | J91: 5593 | K91: 0 | L91: 0
A92: =IF(B92=B91, A91, A91+1) -> 5 | B92: Mcycl | C92: 2002 | D92: 14.618644 | E92: 3127 | F92: 17.880705 | G92: 1928 | I92: 15.862809 | J92: 5055 | K92: 0 | L92: 0
A93: =IF(B93=B92, A92, A92+1) -> 5 | B93: Mcycl | C93: 2003 | D93: 14.553318 | E93: 3029 | F93: 17.741224 | G93: 1994 | I93: 15.836922 | J93: 5016 | K93: 0 | L93: 0
A94: =IF(B94=B93, A93, A93+1) -> 5 | B94: Mcycl | C94: 2004 | D94: 14.50808 | E94: 3156 | F94: 18.652219 | G94: 1915 | I94: 16.078812 | J94: 5069 | K94: 0 | L94: 0
A95: =IF(B95=B94, A94, A94+1) -> 5 | B95: Mcycl | C95: 2005 | D95: 12.992859 | E95: 3081 | F95: 18.844818 | G95: 1843 | I95: 15.237717 | J95: 4905 | K95: 0 | L95: 0
A96: =IF(B96=B95, A95, A95+1) -> 5 | B96: Mcycl | C96: 2006 | D96: 9.8302205 | E96: 3855 | F96: 18.582394 | G96: 1863 | I96: 12.709064 | J96: 5704 | K96: 0 | L96: 0
A97: =IF(B97=B96, A96, A96+1) -> 5 | B97: Mcycl | C97: 2007 | D97: 9.6114219 | E97: 4290 | F97: 19.036847 | G97: 1954 | I97: 12.626168 | J97: 6206 | K97: 0 | L97: 0
A98: =IF(B98=B97, A97, A97+1) -> 5 | B98: Mcycl | C98: 2008 | D98: 9.1862464 | E98: 4537 | F98: 18.699949 | G98: 1973 | I98: 12.131396 | J98: 6469 | K98: 0 | L98: 0
A99: =IF(B99=B98, A98, A98+1) -> 5 | B99: Mcycl | C99: 2009 | D99: 8.5781311 | E99: 5094 | F99: 19.317574 | G99: 2094 | I99: 11.779632 | J99: 7129 | K99: 0 | L99: 0
A100: =IF(B100=B99, A99, A99+1) -> 5 | B100: Mcycl | C100: 2010 | D100: 9.1828603 | E100: 5496 | F100: 19.462617 | G100: 2354 | I100: 12.320261 | J100: 7803 | K100: 0 | L100: 0
A101: =IF(B101=B100, A100, A100+1) -> 5 | B101: Mcycl | C101: 2011 | D101: 8.910224 | E101: 6338 | F101: 19.096513 | G101: 2466 | I101: 11.810215 | J101: 8752 | K101: 0 | L101: 0
A102: =IF(B102=B101, A101, A101+1) -> 5 | B102: Mcycl | C102: 2012 | D102: 9.7555397 | E102: 4197 | F102: 20.131644 | G102: 1618 | I102: 12.684138 | J102: 5781 | K102: 0 | L102: 0
A103: =IF(B103=B102, A102, A102+1) -> 5 | B103: Mcycl | C103: 2013 | D103: 9.6301432 | E103: 4399 | F103: 19.407291 | G103: 1591 | I103: 12.248283 | J103: 5969 | K103: 0 | L103: 0
... A111: =IF(B111=B110, A110, A110+1) -> 5 | B111: Mcycl | C111: 2021 | D111: 10.917514 | E111: 6001 | F111: 20.277569 | G111: 1859 | I111: 13.229108 | J111: 7778 | K111: 3 | L111: 1
B112: Mcycl | C112: 2022 | D112: 11.166083 | E112: 6855 | F112: 21.257842 | G112: 1881 | I112: 13.549218 | J112: 8564 | K112: 0 | L112: 0
A113: =IF(B113=B111, A111, A111+1) -> 6 | B113: Other | C113: 2001 | D113: 17.716535 | E113: 635 | F113: 21.725333 | G113: 375 | I113: 30.031008 | J113: 129 | K113: 17.633979 | L113: 877
A114: =IF(B114=B113, A113, A113+1) -> 6 | B114: Other | C114: 2002 | D114: 16.205442 | E114: 735 | F114: 21.466488 | G114: 373 | I114: 31.066116 | J114: 121 | K114: 16.378296 | L114: 986
A115: =IF(B115=B114, A114, A114+1) -> 6 | B115: Other | C115: 2003 | D115: 15.544944 | E115: 712 | F115: 22.876993 | G115: 439 | I115: 33.453125 | J115: 128 | K115: 16.457926 | L115: 1022
A116: =IF(B116=B115, A115, A115+1) -> 6 | B116: Other | C116: 2004 | D116: 14.545812 | E116: 764 | F116: 22.70282 | G116: 461 | I116: 31.584507 | J116: 142 | K116: 15.791859 | L116: 1081
A117: =IF(B117=B116, A116, A116+1) -> 6 | B117: Other | C117: 2005 | D117: 14.513514 | E117: 851 | F117: 21.939638 | G117: 497 | I117: 34.181102 | J117: 127 | K117: 15.490581 | L117: 1221
A118: =IF(B118=B117, A117, A117+1) -> 6 | B118: Other | C118: 2006 | D118: 14.031063 | E118: 837 | F118: 20.87605 | G118: 476 | I118: 31.769231 | J118: 104 | K118: 15.196192 | L118: 1208
A119: =IF(B119=B118, A118, A118+1) -> 6 | B119: Other | C119: 2007 | D119: 13.415771 | E119: 837 | F119: 22.818653 | G119: 386 | I119: 35.152381 | J119: 105 | K119: 14.620751 | L119: 1118
A120: =IF(B120=B119, A119, A119+1) -> 6 | B120: Other | C120: 2008 | D120: 14.257669 | E120: 815 | F120: 22.510638 | G120: 423 | I120: 33.551724 | J120: 116 | K120: 15.377342 | L120: 1121
A121: =IF(B121=B120, A120, A120+1) -> 6 | B121: Other | C121: 2009 | D121: 12.748773 | E121: 1019 | F121: 23.541226 | G121: 473 | I121: 30.087838 | J121: 148 | K121: 14.64003 | L121: 1339
A122: =IF(B122=B121, A121, A121+1) -> 6 | B122: Other | C122: 2010 | D122: 13.355739 | E122: 967 | F122: 24.174897 | G122: 486 | I122: 33.80303 | J122: 132 | K122: 15.295903 | L122: 1318
A123: =IF(B123=B122, A122, A122+1) -> 6 | B123: Other | C123: 2011 | D123: 13.49563 | E123: 801 | F123: 24.775176 | G123: 427 | I123: 34.263636 | J123: 110 | K123: 15.762757 | L123: 1117
A124: =IF(B124=B123, A123, A123+1) -> 6 | B124: Other | C124: 2012 | D124: 14.641192 | E124: 772 | F124: 24.61828 | G124: 372 | I124: 36.905263 | J124: 95 | K124: 16.147087 | L124: 1047
A125: =IF(B125=B124, A124, A124+1) -> 6 | B125: Other | C125: 2013 | D125: 13.888889 | E125: 747 | F125: 24.679666 | G125: 359 | I125: 34.696629 | J125: 89 | K125: 15.855315 | L125: 1016
... A133: =IF(B133=B132, A132, A132+1) -> 6 | B133: Other | C133: 2021 | D133: 10.633455 | E133: 1375 | F133: 27.059032 | G133: 847 | I133: 35.564626 | J133: 147 | K133: 15.601843 | L133: 2062
B134: Other | C134: 2022 | D134: 11.438813 | E134: 809 | F134: 26.198198 | G134: 555 | I134: 35.978261 | J134: 92 | K134: 16.115657 | L134: 1271
A135: =IF(B135=B133, A133, A133+1) -> 7 | B135: Truck | C135: 2001 | D135: 21.139199 | E135: 2773 | F135: 15.922368 | G135: 760 | I135: 28.726776 | J135: 549 | K135: 18.414544 | L135: 2984
A136: =IF(B136=B135, A135, A135+1) -> 7 | B136: Truck | C136: 2002 | D136: 22.078697 | E136: 2732 | F136: 16.426667 | G136: 825 | I136: 29.846899 | J136: 516 | K136: 19.227228 | L136: 3041
A137: =IF(B137=B136, A136, A136+1) -> 7 | B137: Truck | C137: 2003 | D137: 21.851034 | E137: 2853 | F137: 16.758836 | G137: 962 | I137: 30.159737 | J137: 457 | K137: 19.261465 | L137: 3358
A138: =IF(B138=B137, A137, A137+1) -> 7 | B138: Truck | C138: 2004 | D138: 22.105561 | E138: 2823 | F138: 17.180037 | G138: 1072 | I138: 31.708642 | J138: 405 | K138: 19.478223 | L138: 3490
A139: =IF(B139=B138, A138, A138+1) -> 7 | B139: Truck | C139: 2005 | D139: 23.236869 | E139: 2951 | F139: 17.549261 | G139: 1218 | I139: 32.635945 | J139: 434 | K139: 20.28996 | L139: 3735
A140: =IF(B140=B139, A139, A139+1) -> 7 | B140: Truck | C140: 2006 | D140: 22.319098 | E140: 2927 | F140: 17.720861 | G140: 1347 | I140: 32.254958 | J140: 353 | K140: 19.844938 | L140: 3921
A141: =IF(B141=B140, A140, A140+1) -> 7 | B141: Truck | C141: 2007 | D141: 22.357336 | E141: 2958 | F141: 18.195987 | G141: 1495 | I141: 33.477745 | J141: 337 | K141: 19.935374 | L141: 4116
A142: =IF(B142=B141, A141, A141+1) -> 7 | B142: Truck | C142: 2008 | D142: 23.071284 | E142: 2960 | F142: 18.64951 | G142: 1632 | I142: 34.681818 | J142: 308 | K142: 20.552054 | L142: 4284
A143: =IF(B143=B142, A142, A142+1) -> 7 | B143: Truck | C143: 2009 | D143: 23.169102 | E143: 2874 | F143: 19.223203 | G143: 1586 | I143: 34.967033 | J143: 273 | K143: 20.905183 | L143: 4187
...

Sheet 7.3abc
A1: Last WoF odometer reading of vehicles leaving the fleet | M1: Back to Contents
B2: 7.3a | D2: 7.3b | F2: 7.3c
A3: Year | B3: Diesel | C3: Petrol | D3: New | E3: Used import | F3: Light passenger | G3: Light commercial
A4: 2001 | B4: 187147.73 | C4: 176201 | D4: 183260.75 | E4: 167221 | F4: 174604.97 | G4: 196829
A5: 2002 | B5: 193844.57 | C5: 181479 | D5: 190301.5 | E5: 171800 | F5: 179881.95 | G5: 203608
A6: 2003 | B6: 199027.63 | C6: 187511 | D6: 198661.15 | E6: 176475 | F6: 185798.35 | G6: 211201
A7: 2004 | B7: 207256.86 | C7: 191478 | D7: 205530.22 | E7: 179722 | F7: 190221.39 | G7: 216514
A8: 2005 | B8: 211113.26 | C8: 194449 | D8: 211010.01 | E8: 182758 | F8: 193247.27 | G8: 221867
A9: 2006 | B9: 217321.99 | C9: 200294 | D9: 223970.43 | E9: 185432 | F9: 198272.1 | G9: 237719
A10: 2007 | B10: 222510.89 | C10: 201489 | D10: 224821.76 | E10: 188847 | F10: 199835.55 | G10: 241549
A11: 2008 | B11: 227715.73 | C11: 204188 | D11: 227589.43 | E11: 192900 | F11: 202799.62 | G11: 244887
A12: 2009 | B12: 232437.07 | C12: 205640 | D12: 228030.04 | E12: 196342 | F12: 204618.08 | G12: 247843
A13: 2010 | B13: 239919.75 | C13: 208705 | D13: 230940.48 | E13: 200927 | F13: 207948.27 | G13: 255028
A14: 2011 | B14: 245237.76 | C14: 213175 | D14: 235363.68 | E14: 206405 | F14: 212611.47 | G14: 260650
A15: 2012 | B15: 251441.24 | C15: 214576 | D15: 236188.12 | E15: 209336 | F15: 214626.36 | G15: 263327
... A25: 2022 | B25: 250901.68 | C25: 202103 | D25: 224803.7 | E25: 197615 | F25: 202560.73 | G25: 257560

Sheet 7.3de
B1: Last WoF odometer reading of vehicles leaving the fleet | P1: Back to Contents
B2: LPV | G2: LCV | M2: Average cc
A3: Year | B3: <1350cc | C3: <1600cc | D3: <2000cc | E3: <3000cc | F3: >=3000cc | G3: <1350cc | H3: <1600cc | I3: <2000cc | J3: <3000cc | K3: >=3000cc | M3: Light passenger | N3: Light commercial
A4: 2001 | B4: 147782.51 | C4: 159887.99 | D4: 184359.94 | E4: 186228.56 | F4: 206797.68 | G4: 150082.32 | H4: 176499.58 | I4: 199794.49 | J4: 204766.87 | K4: 217158.93 | M4: 1861.0238 | N4: 2139
A5: 2002 | B5: 152786.04 | C5: 165632.31 | D5: 188663.32 | E5: 190807.15 | F5: 214115.3 | G5: 158167.85 | H5: 184546.06 | I5: 205730.57 | J5: 211352.39 | K5: 216426.72 | M5: 1875.809 | N5: 2200
A6: 2003 | B6: 162766.94 | C6: 172752.2 | D6: 192752.41 | E6: 195380.67 | F6: 215834.86 | G6: 160016.62 | H6: 190033.14 | I6: 213311.48 | J6: 221124.66 | K6: 216302.46 | M6: 1884.3872 | N6: 2179
A7: 2004 | B7: 166957.93 | C7: 177295.39 | D7: 195011.22 | E7: 202110.54 | F7: 221480.52 | G7: 159935.76 | H7: 188839.57 | I7: 218223.44 | J7: 226260.53 | K7: 222378.96 | M7: 1910.7987 | N7: 2215
A8: 2005 | B8: 171877.55 | C8: 181441.74 | D8: 196701.07 | E8: 202774.65 | F8: 224633.94 | G8: 172707.15 | H8: 193801.15 | I8: 222215.21 | J8: 232061.55 | K8: 215546.25 | M8: 1938.441 | N8: 2245
A9: 2006 | B9: 189734.87 | C9: 186670.98 | D9: 197980.07 | E9: 204651.37 | F9: 228613.3 | G9: 197973.35 | H9: 218360.08 | I9: 236059.95 | J9: 244890.69 | K9: 231388.71 | M9: 1971.4976 | N9: 2261
A10: 2007 | B10: 189708.92 | C10: 189523.39 | D10: 199739.45 | E10: 206131.45 | F10: 227335.74 | G10: 189610.86 | H10: 214501.38 | I10: 240043.06 | J10: 251211.32 | K10: 223483.33 | M10: 1989.1532 | N10: 2292
A11: 2008 | B11: 191930.97 | C11: 192213.57 | D11: 203131.08 | E11: 208611.5 | F11: 228137.34 | G11: 195522.07 | H11: 214124.99 | I11: 241268 | J11: 253576.23 | K11: 231004.98 | M11: 2018.1624 | N11: 2319
A12: 2009 | B12: 189370.18 | C12: 195369.14 | D12: 204557.17 | E12: 210970.1 | F12: 230058.32 | G12: 184407.5 | H12: 221261.17 | I12: 242114.12 | J12: 257681.16 | K12: 225583.54 | M12: 2034.3933 | N12: 2359
A13: 2010 | B13: 190229.46 | C13: 198078.84 | D13: 207939.93 | E13: 215232.72 | F13: 231463.31 | G13: 191087.84 | H13: 220404.48 | I13: 246508.47 | J13: 265573.5 | K13: 234321.42 | M13: 2058.6996 | N13: 2390
A14: 2011 | B14: 190402.08 | C14: 203435.72 | D14: 212247.67 | E14: 219761.35 | F14: 236663.02 | G14: 193151.46 | H14: 218074.11 | I14: 249155.81 | J14: 271663.94 | K14: 238814.5 | M14: 2082.461 | N14: 2412
A15: 2012 | B15: 190978.35 | C15: 204741.17 | D15: 214686.57 | E15: 222741.64 | F15: 238623.36 | G15: 178700.98 | H15: 220226.42 | I15: 250860.78 | J15: 275326.37 | K15: 233282.89 | M15: 2076.3699 | N15: 2431
... A25: 2022 | B25: 166689.86 | C25: 189010.03 | D25: 204444.79 | E25: 216531.65 | F25: 230047.52 | G25: 144219.64 | H25: 195010.18 | I25: 229335.36 | J25: 271844.04 | K25: 217958.54 | M25: 2091.4982 | N25: 2597
B52: These graphs exclude the current year - exactly which vehicles have been scrapped is not certain until 12 months have passed

Sheet 8.1a,b
B1: Fleet composition | P1: Back to Contents | U1: Calculated summaries
A2: Period | B2: Petrol LPV new | C2: Petrol LPV used | D2: Diesel LPV new | E2: Diesel LPV used | F2: Petrol LCV new | G2: Petrol LCV used | H2: Diesel LCV new | I2: Diesel LCV used | J2: Light pure EV | K2: Petrol truck new | L2: Petrol truck used | M2: Diesel truck new | N2: Diesel truck used | O2: Petrol bus new | P2: Petrol bus used | Q2: Diesel bus new | R2: Diesel bus used | S2: Electric bus | U2: LPV diesel % | V2: LCV diesel % | W2: Light Petrol | X2: Light Diesel | Y2: New light diesel | Z2: Used light diesel | AA2: % light diesel
A3: 2000 | B3: 1245796 | C3: 757798 | D3: 18013 | E3: 124767 | F3: 160777 | G3: 35442 | H3: 87116 | I3: 63531 | J3: 63 | K3: 5383 | L3: 748 | M3: 64056 | N3: 24842 | O3: 277 | P3: 10 | Q3: 2879 | R3: 1068 | S3: 70 | U3: =(D3+E3)/SUM(B3:E3) -> 0.066521492 | V3: =(H3+I3)/SUM(F3:I3) -> 0.43430893 | W3: =B3+C3+F3+G3 -> 2199813 | X3: =D3+E3+H3+I3 -> 293427 | Y3: =(D3+H3)/(B3+D3+F3+H3) -> 0.069543468 | Z3: =(E3+I3)/(C3+E3+G3+I3) -> 0.19183975 | AA3: =(D3+E3+H3+I3)/SUM(B3:I3) -> 0.11768903
A4: 2001 | B4: 1224173 | C4: 834798 | D4: 19974 | E4: 133595 | F4: 154761 | G4: 34821 | H4: 96363 | I4: 63584 | J4: 63 | K4: 5022 | L4: 744 | M4: 64549 | N4: 27004 | O4: 263 | P4: 13 | Q4: 3010 | R4: 1236 | S4: 70 | U4: =(D4+E4)/SUM(B4:E4) -> 0.069408463 | V4: =(H4+I4)/SUM(F4:I4) -> 0.45760724 | W4: =B4+C4+F4+G4 -> 2248553 | X4: =D4+E4+H4+I4 -> 313516 | Y4: =(D4+H4)/(B4+D4+F4+H4) -> 0.077803288 | Z4: =(E4+I4)/(C4+E4+G4+I4) -> 0.18483255 | AA4: =(D4+E4+H4+I4)/SUM(B4:I4) -> 0.12236829
A5: 2002 | B5: 1212163 | C5: 911420 | D5: 21926 | E5: 145750 | F5: 149544 | G5: 34628 | H5: 106275 | I5: 64741 | J5: 60 | K5: 4660 | L5: 743 | M5: 65621 | N5: 30185 | O5: 248 | P5: 13 | Q5: 3108 | R5: 1542 | S5: 69 | U5: =(D5+E5)/SUM(B5:E5) -> 0.073180727 | V5: =(H5+I5)/SUM(F5:I5) -> 0.48148023 | W5: =B5+C5+F5+G5 -> 2307755 | X5: =D5+E5+H5+I5 -> 338692 | Y5: =(D5+H5)/(B5+D5+F5+H5) -> 0.086046253 | Z5: =(E5+I5)/(C5+E5+G5+I5) -> 0.18200078 | AA5: =(D5+E5+H5+I5)/SUM(B5:I5) -> 0.12797989
A6: 2003 | B6: 1209995 | C6: 997377 | D6: 23743 | E6: 162856 | F6: 145618 | G6: 34053 | H6: 116968 | I6: 67297 | J6: 63 | K6: 4338 | L6: 720 | M6: 67081 | N6: 34278 | O6: 231 | P6: 13 | Q6: 3260 | R6: 1776 | S6: 73 | U6: =(D6+E6)/SUM(B6:E6) -> 0.077945389 | V6: =(H6+I6)/SUM(F6:I6) -> 0.50631155 | W6: =B6+C6+F6+G6 -> 2387043 | X6: =D6+E6+H6+I6 -> 370864 | Y6: =(D6+H6)/(B6+D6+F6+H6) -> 0.094037789 | Z6: =(E6+I6)/(C6+E6+G6+I6) -> 0.18243191 | AA6: =(D6+E6+H6+I6)/SUM(B6:I6) -> 0.13447299
A7: 2004 | B7: 1211997 | C7: 1076125 | D7: 25959 | E7: 175699 | F7: 142463 | G7: 33362 | H7: 129125 | I7: 70838 | J7: 64 | K7: 4071 | L7: 735 | M7: 69097 | N7: 39438 | O7: 220 | P7: 15 | Q7: 3485 | R7: 1988 | S7: 73 | U7: =(D7+E7)/SUM(B7:E7) -> 0.080994305 | V7: =(H7+I7)/SUM(F7:I7) -> 0.53211651 | W7: =B7+C7+F7+G7 -> 2463947 | X7: =D7+E7+H7+I7 -> 401621 | Y7: =(D7+H7)/(B7+D7+F7+H7) -> 0.10273566 | Z7: =(E7+I7)/(C7+E7+G7+I7) -> 0.18180873 | AA7: =(D7+E7+H7+I7)/SUM(B7:I7) -> 0.14015406
A8: 2005 | B8: 1216472 | C8: 1145310 | D8: 29800 | E8: 185770 | F8: 139144 | G8: 33139 | H8: 143035 | I8: 72998 | J8: 64 | K8: 3755 | L8: 762 | M8: 71272 | N8: 43660 | O8: 208 | P8: 20 | Q8: 3636 | R8: 2174 | S8: 75 | U8: =(D8+E8)/SUM(B8:E8) -> 0.083640108 | V8: =(H8+I8)/SUM(F8:I8) -> 0.55633299 | W8: =B8+C8+F8+G8 -> 2534065 | X8: =D8+E8+H8+I8 -> 431603 | Y8: =(D8+H8)/(B8+D8+F8+H8) -> 0.11307854 | Z8: =(E8+I8)/(C8+E8+G8+I8) -> 0.18004797 | AA8: =(D8+E8+H8+I8)/SUM(B8:I8) -> 0.14553315
A9: 2006 | B9: 1221311 | C9: 1187828 | D9: 35207 | E9: 186070 | F9: 135074 | G9: 32660 | H9: 156204 | I9: 73873 | J9: 66 | K9: 3499 | L9: 761 | M9: 72490 | N9: 47256 | O9: 191 | P9: 27 | Q9: 3720 | R9: 2349 | S9: 74 | U9: =(D9+E9)/SUM(B9:E9) -> 0.084122435 | V9: =(H9+I9)/SUM(F9:I9) -> 0.57835756 | W9: =B9+C9+F9+G9 -> 2576873 | X9: =D9+E9+H9+I9 -> 451354 | Y9: =(D9+H9)/(B9+D9+F9+H9) -> 0.12366681 | Z9: =(E9+I9)/(C9+E9+G9+I9) -> 0.17558603 | AA9: =(D9+E9+H9+I9)/SUM(B9:I9) -> 0.14904893
A10: 2007 | B10: 1227439 | C10: 1225359 | D10: 42457 | E10: 182780 | F10: 130773 | G10: 32933 | H10: 170985 | I10: 74452 | J10: 65 | K10: 3251 | L10: 775 | M10: 73909 | N10: 50560 | O10: 181 | P10: 32 | Q10: 3845 | R10: 2672 | S10: 73 | U10: =(D10+E10)/SUM(B10:E10) -> 0.084105323 | V10: =(H10+I10)/SUM(F10:I10) -> 0.59988073 | W10: =B10+C10+F10+G10 -> 2616504 | X10: =D10+E10+H10+I10 -> 470674 | Y10: =(D10+H10)/(B10+D10+F10+H10) -> 0.13580725 | Z10: =(E10+I10)/(C10+E10+G10+I10) -> 0.16973139 | AA10: =(D10+E10+H10+I10)/SUM(B10:I10) -> 0.15246092
A11: 2008 | B11: 1230310 | C11: 1235694 | D11: 51459 | E11: 174146 | F11: 126125 | G11: 33357 | H11: 184337 | I11: 71800 | J11: 69 | K11: 3026 | L11: 796 | M11: 75430 | N11: 51718 | O11: 171 | P11: 37 | Q11: 4045 | R11: 2926 | S11: 77 | U11: =(D11+E11)/SUM(B11:E11) -> 0.083817895 | V11: =(H11+I11)/SUM(F11:I11) -> 0.61627837 | W11: =B11+C11+F11+G11 -> 2625486 | X11: =D11+E11+H11+I11 -> 481742 | Y11: =(D11+H11)/(B11+D11+F11+H11) -> 0.14809158 | Z11: =(E11+I11)/(C11+E11+G11+I11) -> 0.16234092 | AA11: =(D11+E11+H11+I11)/SUM(B11:I11) -> 0.15503915
A12: 2009 | B12: 1224830 | C12: 1234439 | D12: 59439 | E12: 164836 | F12: 121416 | G12: 33017 | H12: 192262 | I12: 68324 | J12: 70 | K12: 2837 | L12: 795 | M12: 75212 | N12: 51301 | O12: 166 | P12: 35 | Q12: 4355 | R12: 2996 | S12: 77 | U12: =(D12+E12)/SUM(B12:E12) -> 0.083574184 | V12: =(H12+I12)/SUM(F12:I12) -> 0.62788933 | W12: =B12+C12+F12+G12 -> 2613702 | X12: =D12+E12+H12+I12 -> 484861 | Y12: =(D12+H12)/(B12+D12+F12+H12) -> 0.15751524 | Z12: =(E12+I12)/(C12+E12+G12+I12) -> 0.15537619 | AA12: =(D12+E12+H12+I12)/SUM(B12:I12) -> 0.15647931
A13: 2010 | B13: 1228084 | C13: 1252676 | D13: 68438 | E13: 154956 | F13: 117278 | G13: 33128 | H13: 202248 | I13: 64452 | J13: 80 | K13: 2629 | L13: 800 | M13: 74786 | N13: 50594 | O13: 149 | P13: 36 | Q13: 4509 | R13: 2997 | S13: 77 | U13: =(D13+E13)/SUM(B13:E13) -> 0.082611419 | V13: =(H13+I13)/SUM(F13:I13) -> 0.63940581 | W13: =B13+C13+F13+G13 -> 2631166 | X13: =D13+E13+H13+I13 -> 490094 | Y13: =(D13+H13)/(B13+D13+F13+H13) -> 0.16749874 | Z13: =(E13+I13)/(C13+E13+G13+I13) -> 0.14576551 | AA13: =(D13+E13+H13+I13)/SUM(B13:I13) -> 0.157018
A14: 2011 | B14: 1227093 | C14: 1248362 | D14: 78402 | E14: 143378 | F14: 112746 | G14: 33707 | H14: 213036 | I14: 59841 | J14: 93 | K14: 2476 | L14: 792 | M14: 74886 | N14: 49449 | O14: 138 | P14: 37 | Q14: 4688 | R14: 2949 | S14: 76 | U14: =(D14+E14)/SUM(B14:E14) -> 0.082224945 | V14: =(H14+I14)/SUM(F14:I14) -> 0.65074524 | W14: =B14+C14+F14+G14 -> 2621908 | X14: =D14+E14+H14+I14 -> 494657 | Y14: =(D14+H14)/(B14+D14+F14+H14) -> 0.17865635 | Z14: =(E14+I14)/(C14+E14+G14+I14) -> 0.13682128 | AA14: =(D14+E14+H14+I14)/SUM(B14:I14) -> 0.15871865
... A26: 2023 | B26: 1584311 | C26: 1550769 | D26: 213622 | E26: 90110 | F26: 86498 | G26: 63363 | H26: 548691 | I26: 54331 | J26: 72334 | K26: 1769 | L26: 890 | M26: 115332 | N26: 52518 | O26: 84 | P26: 50 | Q26: 8321 | R26: 2685 | S26: 350 | U26: =(D26+E26)/SUM(B26:E26) -> 0.088324689 | V26: =(H26+I26)/SUM(F26:I26) -> 0.80095048 | W26: =B26+C26+F26+G26 -> 3284941 | X26: =D26+E26+H26+I26 -> 906754 | Y26: =(D26+H26)/(B26+D26+F26+H26) -> 0.31330653 | Z26: =(E26+I26)/(C26+E26+G26+I26) -> 0.082135345 | AA26: =(D26+E26+H26+I26)/SUM(B26:I26) -> 0.21632156
B28: LPV=Light passenger vehicles, comprising cars, SUVs <= 3500 kg
B29: LCV=Light commercial vehicles, comprising vans, utes <= 3500 kg

Sheet 8.2a,b
B1: Travel (million km) by fuel type and vehicle type | N1: Number of vehicles (*) | V1: Back to Contents | Z1: Calculated summaries
A2: Year | B2: Light passenger petrol travel | C2: Light passenger diesel travel | D2: Light commercial petrol travel | E2: Light commercial diesel travel | F2: Light pure electric travel | G2: Motorcycle travel | H2: Truck petrol travel | I2: Truck diesel travel | J2: Bus petrol travel | K2: Bus diesel travel | L2: Electric bus travel | N2: Light passenger petrol vehicles | O2: Light passenger diesel vehicles | P2: Light commercial petrol vehicles | Q2: Light commercial diesel vehicles | R2: Light pure electric vehicles | S2: Motorcycles | T2: Petrol trucks | U2: Diesel trucks | V2: Petrol Buses | W2: Diesel buses | X2: Electric buses (**) | Z2: Light Petrol travel | AA2: Light Diesel travel | AB2: Petrol travel per light vehicle | AC2: Diesel travel per light vehicle
A3: 2001 | B3: 26289.974 | C3: 2488.6709 | D3: 2323.8129 | E3: 2851.0636 | F3: 0.49813702 | G3: 231.5145 | H3: 31.784837 | I3: 2154.1101 | J3: 2.8552664 | K3: 134.53306 | L3: 1.3202981 | N3: 2154001 | O3: 158504 | P3: 197328 | Q3: 164224 | R3: 58 | S3: 75725 | T3: 5655 | U3: 93807 | V3: 237 | W3: 4223 | X3: 64 | Z3: =B3+D3 -> 28613.786 | AA3: =C3+E3 -> 5339.7344 | AB3: =Z3/(N3+P3)*1000000 -> 12169.197 | AC3: =AA3/(O3+Q3)*1000000 -> 16545.619
A4: 2002 | B4: 27153.647 | C4: 2616.9154 | D4: 2252.1209 | E4: 3020.3337 | F4: 0.44844438 | G4: 229.40431 | H4: 30.276229 | I4: 2248.8786 | J4: 2.5746604 | K4: 144.14723 | L4: 1.2899254 | N4: 2227888 | O4: 173887 | P4: 194224 | Q4: 176641 | R4: 57 | S4: 78564 | T4: 5418 | U4: 98533 | V4: 229 | W4: 4649 | X4: 63 | Z4: =B4+D4 -> 29405.768 | AA4: =C4+E4 -> 5637.2491 | AB4: =Z4/(N4+P4)*1000000 -> 12140.548 | AC4: =AA4/(O4+Q4)*1000000 -> 16082.165
A5: 2003 | B5: 27866.163 | C5: 2852.8876 | D5: 2172.1157 | E5: 3216.0757 | F5: 0.42799067 | G5: 231.93957 | H5: 28.25856 | I5: 2332.0482 | J5: 2.1652485 | K5: 154.2508 | L5: 1.391273 | N5: 2320023 | O5: 194369 | P5: 190834 | Q5: 191066 | R5: 60 | S5: 82706 | T5: 5157 | U5: 104759 | V5: 218 | W5: 5055 | X5: 67 | Z5: =B5+D5 -> 30038.279 | AA5: =C5+E5 -> 6068.9633 | AB5: =Z5/(N5+P5)*1000000 -> 11963.357 | AC5: =AA5/(O5+Q5)*1000000 -> 15745.75
A6: 2004 | B6: 28431.103 | C6: 3080.1298 | D6: 2086.209 | E6: 3467.4203 | F6: 0.39160019 | G6: 237.74774 | H6: 26.272886 | I6: 2484.3605 | J6: 2.3591952 | K6: 171.29184 | L6: 1.3441726 | N6: 2411979 | O6: 210955 | P6: 188106 | Q6: 207776 | R6: 61 | S6: 88606 | T6: 4938 | U6: 112428 | V6: 208 | W6: 5513 | X6: 67 | Z6: =B6+D6 -> 30517.312 | AA6: =C6+E6 -> 6547.55 | AB6: =Z6/(N6+P6)*1000000 -> 11737.044 | AC6: =AA6/(O6+Q6)*1000000 -> 15636.65
A7: 2005 | B7: 28517.668 | C7: 3172.8481 | D7: 1988.9953 | E7: 3667.3686 | F7: 0.40357426 | G7: 266.5167 | H7: 23.296592 | I7: 2556.7273 | J7: 2.3642043 | K7: 184.62476 | L7: 1.3026898 | N7: 2497513 | O7: 226885 | P7: 185211 | Q7: 225091 | R7: 62 | S7: 98465 | T7: 4761 | U7: 119331 | V7: 207 | W7: 5861 | X7: 69 | Z7: =B7+D7 -> 30506.663 | AA7: =C7+E7 -> 6840.2166 | AB7: =Z7/(N7+P7)*1000000 -> 11371.525 | AC7: =AA7/(O7+Q7)*1000000 -> 15134.026
A8: 2006 | B8: 28322.481 | C8: 3173.575 | D8: 1888.1107 | E8: 3861.9357 | F8: 0.45110502 | G8: 302.78704 | H8: 20.112033 | I8: 2593.0657 | J8: 2.3308002 | K8: 192.77988 | L8: 1.2603218 | N8: 2551901 | O8: 234373 | P8: 181128 | Q8: 240383 | R8: 64 | S8: 110380 | T8: 4488 | U8: 124707 | V8: 210 | W8: 6125 | X8: 69 | Z8: =B8+D8 -> 30210.592 | AA8: =C8+E8 -> 7035.5107 | AB8: =Z8/(N8+P8)*1000000 -> 11053.886 | AC8: =AA8/(O8+Q8)*1000000 -> 14819.214
A9: 2007 | B9: 28663.084 | C9: 3189.8417 | D9: 1819.3253 | E9: 4107.7261 | F9: 0.38697378 | G9: 335.99183 | H9: 19.162326 | I9: 2665.6241 | J9: 2.0775353 | K9: 200.55819 | L9: 1.1459685 | N9: 2600154 | O9: 239387 | P9: 177193 | Q9: 256454 | R9: 65 | S9: 122849 | T9: 4267 | U9: 129834 | V9: 199 | W9: 6626 | X9: 70 | Z9: =B9+D9 -> 30482.409 | AA9: =C9+E9 -> 7297.5678 | AB9: =Z9/(N9+P9)*1000000 -> 10975.369 | AC9: =AA9/(O9+Q9)*1000000 -> 14717.556
A10: 2008 | B10: 28070.347 | C10: 3087.633 | D10: 1735.395 | E10: 4281.1604 | F10: 0.32359085 | G10: 375.30882 | H10: 17.438921 | I10: 2657.9183 | J10: 1.9604878 | K10: 206.67718 | L10: 1.1094917 | N10: 2615057 | O10: 240776 | P10: 173055 | Q10: 268746 | R10: 65 | S10: 137205 | T10: 4074 | U10: 133725 | V10: 196 | W10: 7184 | X10: 99 | Z10: =B10+D10 -> 29805.742 | AA10: =C10+E10 -> 7368.7934 | AB10: =Z10/(N10+P10)*1000000 -> 10690.296 | AC10: =AA10/(O10+Q10)*1000000 -> 14462.169
A11: 2009 | B11: 28175.754 | C11: 3073.1437 | D11: 1681.5186 | E11: 4329.7124 | F11: 0.31574608 | G11: 390.15019 | H11: 15.501432 | I11: 2519.4486 | J11: 1.804333 | K11: 212.99532 | L11: 1.4637603 | N11: 2591732 | O11: 238714 | P11: 166772 | Q11: 273318 | R11: 73 | S11: 143131 | T11: 3889 | U11: 133102 | V11: 188 | W11: 7534 | X11: 98 | Z11: =B11+D11 -> 29857.272 | AA11: =C11+E11 -> 7402.8561 | AB11: =Z11/(N11+P11)*1000000 -> 10823.719 | AC11: =AA11/(O11+Q11)*1000000 -> 14457.8
A12: 2010 | B12: 28131.496 | C12: 3053.8208 | D12: 1630.2491 | E12: 4417.9745 | F12: 0.30959835 | G12: 385.22556 | H12: 14.707379 | I12: 2518.8443 | J12: 1.6593623 | K12: 220.42447 | L12: 1.832273 | N12: 2611973 | O12: 238443 | P12: 162712 | Q12: 280874 | R12: 81 | S12: 146033 | T12: 3716 | U12: 132302 | V12: 183 | W12: 7705 | X12: 77 | Z12: =B12+D12 -> 29761.745 | AA12: =C12+E12 -> 7471.7952 | AB12: =Z12/(N12+P12)*1000000 -> 10726.171 | AC12: =AA12/(O12+Q12)*1000000 -> 14387.735
A13: 2011 | B13: 27708.21 | C13: 2998.3278 | D13: 1564.8754 | E13: 4508.2637 | F13: 0.38218317 | G13: 374.18347 | H13: 13.292447 | I13: 2526.1329 | J13: 1.1153161 | K13: 217.87595 | L13: 1.7546094 | N13: 2628282 | O13: 239679 | P13: 159645 | Q13: 290013 | R13: 98 | S13: 148213 | T13: 3536 | U13: 131617 | V13: 173 | W13: 7908 | X13: 77 | Z13: =B13+D13 -> 29273.086 | AA13: =C13+E13 -> 7506.5915 | AB13: =Z13/(N13+P13)*1000000 -> 10499.947 | AC13: =AA13/(O13+Q13)*1000000 -> 14171.616
A14: 2012 | B14: 27633.562 | C14: 3044.2673 | D14: 1530.4168 | E14: 4647.9756 | F14: 0.63371611 | G14: 372.92392 | H14: 11.542357 | I14: 2515.0978 | J14: 1.0476923 | K14: 224.389 | L14: 1.4695069 | N14: 2632065 | O14: 242791 | P14: 155966 | Q14: 300823 | R14: 123 | S14: 148366 | T14: 3382 | U14: 130996 | V14: 163 | W14: 8063 | X14: 77 | Z14: =B14+D14 -> 29163.979 | AA14: =C14+E14 -> 7692.2429 | AB14: =Z14/(N14+P14)*1000000 -> 10460.421 | AC14: =AA14/(O14+Q14)*1000000 -> 14150.193
... A25: 2023 | B25: 30599.712 | C25: 3610.4051 | D25: 1330.246 | E25: 9150.0006 | F25: 785.38551 | G25: 399.52661 | H25: 7.9142309 | I25: 3226.32 | J25: 0.64894761 | K25: 276.7098 | L25: 15.470882 | N25: 3294878 | O25: 318492 | P25: 156859 | Q25: 628906 | R25: 73490 | S25: 197073 | T25: 2644 | U25: 173592 | V25: 128 | W25: 11193 | X25: 351 | Z25: =B25+D25 -> 31929.958 | AA25: =C25+E25 -> 12760.406 | AB25: =Z25/(N25+P25)*1000000 -> 9250.4031 | AC25: =AA25/(O25+Q25)*1000000 -> 13468.897
N28: (*) Vehicles that were in the fleet at some point in the year, this is different to vehicles in the fleet at the end of the year
N29: (**) there were more trolley buses than this but many have stuck odometers so they drop out of the distance estimation programs

Sheet 8.4
B1: Light fleet by fuel type: main fuel | P1: Back to Contents
B2: Petrol | C2: Petrol hybrid | D2: Petrol electric hybrid | E2: Diesel | F2: Diesel hybrid | G2: Diesel electric hybrid | H2: Electric | I2: Electric (petrol extended) | J2: Electric (diesel extended) | K2: Hydrogen | L2: Plugin petrol hybrid (PHEV) | M2: Plugin diesel hybrid (PHEV) | N2: LPG | O2: CNG | P2: Unknown | Q2: Total | R2: Electric/Plugin
A3: 2000 | B3: 2199812 | C3: 1 | D3: 0 | E3: 293427 | F3: 0 | G3: 0 | H3: 63 | I3: 0 | J3: 0 | K3: 0 | L3: 0 | M3: 0 | N3: 886 | O3: 258 | P3: 408 | Q3: 2494855 | R3: =H3+I3+J3+K3+L3+M3 -> 63
A4: 2001 | B4: 2248550 | C4: 3 | D4: 0 | E4: 313516 | F4: 0 | G4: 0 | H4: 63 | I4: 0 | J4: 0 | K4: 0 | L4: 0 | M4: 0 | N4: 956 | O4: 209 | P4: 354 | Q4: 2563651 | R4: =H4+I4+J4+L4+M4 -> 63
A5: 2002 | B5: 2307741 | C5: 14 | D5: 0 | E5: 338692 | F5: 0 | G5: 0 | H5: 60 | I5: 0 | J5: 0 | K5: 0 | L5: 0 | M5: 0 | N5: 1019 | O5: 172 | P5: 314 | Q5: 2648012 | R5: =H5+I5+J5+L5+M5 -> 60
A6: 2003 | B6: 2387004 | C6: 39 | D6: 0 | E6: 370864 | F6: 0 | G6: 0 | H6: 63 | I6: 0 | J6: 0 | K6: 0 | L6: 0 | M6: 0 | N6: 1094 | O6: 141 | P6: 275 | Q6: 2759480 | R6: =H6+I6+J6+L6+M6 -> 63
A7: 2004 | B7: 2463673 | C7: 274 | D7: 0 | E7: 401621 | F7: 0 | G7: 0 | H7: 64 | I7: 0 | J7: 0 | K7: 0 | L7: 0 | M7: 0 | N7: 1104 | O7: 108 | P7: 235 | Q7: 2867079 | R7: =H7+I7+J7+L7+M7 -> 64
A8: 2005 | B8: 2533356 | C8: 709 | D8: 0 | E8: 431603 | F8: 0 | G8: 0 | H8: 64 | I8: 0 | J8: 0 | K8: 0 | L8: 0 | M8: 0 | N8: 1172 | O8: 87 | P8: 211 | Q8: 2967202 | R8: =H8+I8+J8+L8+M8 -> 64
A9: 2006 | B9: 2575429 | C9: 1444 | D9: 0 | E9: 451354 | F9: 0 | G9: 0 | H9: 66 | I9: 0 | J9: 0 | K9: 0 | L9: 0 | M9: 0 | N9: 1313 | O9: 71 | P9: 190 | Q9: 3029867 | R9: =H9+I9+J9+L9+M9 -> 66
A10: 2007 | B10: 2614214 | C10: 2288 | D10: 2 | E10: 470674 | F10: 0 | G10: 0 | H10: 65 | I10: 0 | J10: 0 | K10: 0 | L10: 0 | M10: 0 | N10: 1413 | O10: 54 | P10: 176 | Q10: 3088886 | R10: =H10+I10+J10+L10+M10 -> 65
A11: 2008 | B11: 2622287 | C11: 3197 | D11: 2 | E11: 481742 | F11: 0 | G11: 0 | H11: 69 | I11: 0 | J11: 0 | K11: 0 | L11: 0 | M11: 0 | N11: 1441 | O11: 49 | P11: 165 | Q11: 3108952 | R11: =H11+I11+J11+L11+M11 -> 69
A12: 2009 | B12: 2609813 | C12: 3887 | D12: 2 | E12: 484861 | F12: 0 | G12: 0 | H12: 70 | I12: 0 | J12: 0 | K12: 0 | L12: 0 | M12: 0 | N12: 1431 | O12: 44 | P12: 153 | Q12: 3100261 | R12: =H12+I12+J12+L12+M12 -> 70
A13: 2010 | B13: 2626188 | C13: 4976 | D13: 2 | E13: 490094 | F13: 0 | G13: 0 | H13: 80 | I13: 0 | J13: 0 | K13: 0 | L13: 0 | M13: 0 | N13: 1392 | O13: 41 | P13: 146 | Q13: 3122919 | R13: =H13+I13+J13+L13+M13 -> 80
A14: 2011 | B14: 2615607 | C14: 6300 | D14: 1 | E14: 494657 | F14: 0 | G14: 0 | H14: 93 | I14: 0 | J14: 0 | K14: 0 | L14: 0 | M14: 0 | N14: 1322 | O14: 38 | P14: 145 | Q14: 3118163 | R14: =H14+I14+J14+L14+M14 -> 93
A15: 2012 | B15: 2645032 | C15: 7975 | D15: 1 | E15: 511729 | F15: 1 | G15: 0 | H15: 114 | I15: 0 | J15: 0 | K15: 0 | L15: 5 | M15: 0 | N15: 1313 | O15: 36 | P15: 140 | Q15: 3166346 | R15: =H15+I15+J15+L15+M15 -> 119
... A26: 2023 | B26: 3009068 | C26: 241678 | D26: 3587 | E26: 906513 | F26: 213 | G26: 5 | H26: 72318 | I26: 542 | J26: 1 | K26: 16 | L26: 30066 | M26: 22 | N26: 812 | O26: 23 | P26: 116 | Q26: 4264980 | R26: =H26+I26+J26+L26+M26 -> 102949

Sheet 8.5
A1: Fuel types in the fleet | E1: Back to Contents
B2: Light vehicles | C2: Motorcycles and mopeds | D2: Trucks | E2: Buses | F2: Other/unknown | G2: Total
A3: Petrol | B3: 3009068 | C3: 200578 | D3: 2656 | E3: 133 | F3: 1551 | G3: 3213986
A4: Petrol hybrid | B4: 241678 | C4: 2 | D4: 3 | E4: 1 | F4: 4 | G4: 241688
A5: Petrol electric hybrid | B5: 3587 | C5: 1 | D5: 0 | E5: 0 | F5: 0 | G5: 3588
A6: Diesel | B6: 906513 | C6: 2 | D6: 167699 | E6: 11005 | F6: 37289 | G6: 1122508
A7: Diesel hybrid | B7: 213 | C7: 0 | D7: 119 | E7: 0 | F7: 12 | G7: 344
A8: Diesel electric hybrid | B8: 5 | C8: 5 | D8: 31 | E8: 0 | F8: 7 | G8: 48
A9: Electric | B9: 72318 | C9: 2554 | D9: 203 | E9: 350 | F9: 82 | G9: 75507
A10: Electric (petrol extended) | B10: 542 | C10: 0 | D10: 0 | E10: 0 | F10: 0 | G10: 542
A11: Electric (diesel extended) | B11: 1 | C11: 0 | D11: 0 | E11: 0 | F11: 2 | G11: 3
A12: Hydrogen | B12: 16 | C12: 0 | D12: 1 | E12: 0 | F12: 2 | G12: 19
A13: Plugin petrol hybrid (PHEV) | B13: 30066 | C13: 0 | D13: 0 | E13: 0 | F13: 0 | G13: 30066
A14: Plugin diesel hybrid (PHEV) | B14: 22 | C14: 0 | D14: 1 | E14: 1 | F14: 1 | G14: 25
... A18: Total | B18: 4264980 | C18: 203183 | D18: 170868 | E18: 11519 | F18: 39122 | G18: 4689672
A20: Note - this table is based on the work NZTA has done to upgrade the fuel information held on the vehicle register
A21: However the upgrade only applied to live vehicles, we cannot use this method to track historic registrations,
A22: as any of those vehicles that have been scrapped may not have an appropriate fuel type

Sheet 9.1
C1: Average CO2 emissions (g/km): newly registered light vehicles | N1: Back to Contents
A2: Quarter | C2: New Petrol | D2: New Diesel | E2: Used Petrol | F2: All | G2: Number New petrol | H2: Number New diesel | I2: Number used petrol | J2: Total veh
A3: 2005 | B3: Q2 | C3: 261.59033 | D3: 283.26725 | E3: 223.54065 | F3: 241.05042 | G3: 19528 | H3: 4782 | I3: 34437 | J3: 58747
A4: 2005 | B4: Q3 | C4: 250.9945 | D4: 278.85236 | E4: 220.68351 | F4: 236.12501 | G4: 21088 | H4: 5202 | I4: 34701 | J4: 60991
